state_id,state_name,page,sno,place_address,telephone,voip,email
1,Andhra Pradesh,1,Andhra Pradesh
1,Andhra Pradesh,1,1,"E.S.I. Dispensary, Bobbili,
Government hospital road, 
Bobbili, Vizianagaram District",08944-255089,0,0
1,Andhra Pradesh,1,2,"E.S.I. Dispensary, Atchutapuram
SD Enclave,
 Near Heritage Parlour,
 Atchutapuram, Visakhapatnam District",,,
1,Andhra Pradesh,1,3,"E.S.I. Dispensary, Chittivalasa
E.S.I. Compound, Chittivalasa, Visakhapatnam – 531162.",08933-226453,-,mo[hyphen]esid[hyphen]chittivalasa[at]ap[dot]gov[dot]in
1,Andhra Pradesh,1,4,"E.S.I. Dispensary, Gandhigram, 
Nr. V.T. College, Sriharipuram,
Visakhapatnam.",0891-2756074,,
1,Andhra Pradesh,1,5,"E.S.I. Dispensary,Garividi
 Main Road, Sreeramnagar, Garividi, Vizianagaram District.",08952-281275,,
1,Andhra Pradesh,1,6,"E.S.I. Dispensary, Gopalapatnam
D.No. 4/87, Naiduthota, Visakhapatnam",0891-2573968,,
1,Andhra Pradesh,1,7,"E.S.I. Dispensary, Industrial Estate
Near SBH, Muralinagar, Visakhapatnam",0891- 2558209,,
1,Andhra Pradesh,1,8,"E.S.I. Dispensary, Kottavalasa 
Pendurthi road, Near Ayyappa Swamy Temple, Kottavalasa.",08966-263019,-,mo[hyphen]esid[hyphen]kothavalasa[at]ap[dot]gov[dot]in
1,Andhra Pradesh,1,9,"E.S.I. Dispensary, Kurmannapalem
 # 31-27-45/1, Prince Enclave, Duvvada Station Road, 
Kurmannapalem, Visakhapatnam – 530046.",7382049496,,
1,Andhra Pradesh,1,10,"E.S.I. Dispensary, Ramnagar
# 50-50-35/4, Gurupriya, Seethammadhara (W), Balayyasastri Layout, Visakhapatnam.",0891-2553780,,
1,Andhra Pradesh,2,Andhra Pradesh
1,Andhra Pradesh,2,1,"E.S.I. Dispensary, Bobbili,
Government hospital road, 
Bobbili, Vizianagaram District",08944-255089,0,0
1,Andhra Pradesh,2,2,"E.S.I. Dispensary, Atchutapuram
SD Enclave,
 Near Heritage Parlour,
 Atchutapuram, Visakhapatnam District",,,
1,Andhra Pradesh,2,3,"E.S.I. Dispensary, Chittivalasa
E.S.I. Compound, Chittivalasa, Visakhapatnam – 531162.",08933-226453,-,mo[hyphen]esid[hyphen]chittivalasa[at]ap[dot]gov[dot]in
1,Andhra Pradesh,2,4,"E.S.I. Dispensary, Gandhigram, 
Nr. V.T. College, Sriharipuram,
Visakhapatnam.",0891-2756074,,
1,Andhra Pradesh,2,5,"E.S.I. Dispensary,Garividi
 Main Road, Sreeramnagar, Garividi, Vizianagaram District.",08952-281275,,
1,Andhra Pradesh,2,6,"E.S.I. Dispensary, Gopalapatnam
D.No. 4/87, Naiduthota, Visakhapatnam",0891-2573968,,
1,Andhra Pradesh,2,7,"E.S.I. Dispensary, Industrial Estate
Near SBH, Muralinagar, Visakhapatnam",0891- 2558209,,
1,Andhra Pradesh,2,8,"E.S.I. Dispensary, Kottavalasa 
Pendurthi road, Near Ayyappa Swamy Temple, Kottavalasa.",08966-263019,-,mo[hyphen]esid[hyphen]kothavalasa[at]ap[dot]gov[dot]in
1,Andhra Pradesh,2,9,"E.S.I. Dispensary, Kurmannapalem
 # 31-27-45/1, Prince Enclave, Duvvada Station Road, 
Kurmannapalem, Visakhapatnam – 530046.",7382049496,,
1,Andhra Pradesh,2,10,"E.S.I. Dispensary, Ramnagar
# 50-50-35/4, Gurupriya, Seethammadhara (W), Balayyasastri Layout, Visakhapatnam.",0891-2553780,,
1,Andhra Pradesh,3,Andhra Pradesh
1,Andhra Pradesh,3,1,"E.S.I. Dispensary, Bobbili,
Government hospital road, 
Bobbili, Vizianagaram District",08944-255089,0,0
1,Andhra Pradesh,3,2,"E.S.I. Dispensary, Atchutapuram
SD Enclave,
 Near Heritage Parlour,
 Atchutapuram, Visakhapatnam District",,,
1,Andhra Pradesh,3,3,"E.S.I. Dispensary, Chittivalasa
E.S.I. Compound, Chittivalasa, Visakhapatnam – 531162.",08933-226453,-,mo[hyphen]esid[hyphen]chittivalasa[at]ap[dot]gov[dot]in
1,Andhra Pradesh,3,4,"E.S.I. Dispensary, Gandhigram, 
Nr. V.T. College, Sriharipuram,
Visakhapatnam.",0891-2756074,,
1,Andhra Pradesh,3,5,"E.S.I. Dispensary,Garividi
 Main Road, Sreeramnagar, Garividi, Vizianagaram District.",08952-281275,,
1,Andhra Pradesh,3,6,"E.S.I. Dispensary, Gopalapatnam
D.No. 4/87, Naiduthota, Visakhapatnam",0891-2573968,,
1,Andhra Pradesh,3,7,"E.S.I. Dispensary, Industrial Estate
Near SBH, Muralinagar, Visakhapatnam",0891- 2558209,,
1,Andhra Pradesh,3,8,"E.S.I. Dispensary, Kottavalasa 
Pendurthi road, Near Ayyappa Swamy Temple, Kottavalasa.",08966-263019,-,mo[hyphen]esid[hyphen]kothavalasa[at]ap[dot]gov[dot]in
1,Andhra Pradesh,3,9,"E.S.I. Dispensary, Kurmannapalem
 # 31-27-45/1, Prince Enclave, Duvvada Station Road, 
Kurmannapalem, Visakhapatnam – 530046.",7382049496,,
1,Andhra Pradesh,3,10,"E.S.I. Dispensary, Ramnagar
# 50-50-35/4, Gurupriya, Seethammadhara (W), Balayyasastri Layout, Visakhapatnam.",0891-2553780,,
1,Andhra Pradesh,4,Andhra Pradesh
1,Andhra Pradesh,4,1,"E.S.I. Dispensary, Bobbili,
Government hospital road, 
Bobbili, Vizianagaram District",08944-255089,0,0
1,Andhra Pradesh,4,2,"E.S.I. Dispensary, Atchutapuram
SD Enclave,
 Near Heritage Parlour,
 Atchutapuram, Visakhapatnam District",,,
1,Andhra Pradesh,4,3,"E.S.I. Dispensary, Chittivalasa
E.S.I. Compound, Chittivalasa, Visakhapatnam – 531162.",08933-226453,-,mo[hyphen]esid[hyphen]chittivalasa[at]ap[dot]gov[dot]in
1,Andhra Pradesh,4,4,"E.S.I. Dispensary, Gandhigram, 
Nr. V.T. College, Sriharipuram,
Visakhapatnam.",0891-2756074,,
1,Andhra Pradesh,4,5,"E.S.I. Dispensary,Garividi
 Main Road, Sreeramnagar, Garividi, Vizianagaram District.",08952-281275,,
1,Andhra Pradesh,4,6,"E.S.I. Dispensary, Gopalapatnam
D.No. 4/87, Naiduthota, Visakhapatnam",0891-2573968,,
1,Andhra Pradesh,4,7,"E.S.I. Dispensary, Industrial Estate
Near SBH, Muralinagar, Visakhapatnam",0891- 2558209,,
1,Andhra Pradesh,4,8,"E.S.I. Dispensary, Kottavalasa 
Pendurthi road, Near Ayyappa Swamy Temple, Kottavalasa.",08966-263019,-,mo[hyphen]esid[hyphen]kothavalasa[at]ap[dot]gov[dot]in
1,Andhra Pradesh,4,9,"E.S.I. Dispensary, Kurmannapalem
 # 31-27-45/1, Prince Enclave, Duvvada Station Road, 
Kurmannapalem, Visakhapatnam – 530046.",7382049496,,
1,Andhra Pradesh,4,10,"E.S.I. Dispensary, Ramnagar
# 50-50-35/4, Gurupriya, Seethammadhara (W), Balayyasastri Layout, Visakhapatnam.",0891-2553780,,
1,Andhra Pradesh,5,Andhra Pradesh
1,Andhra Pradesh,5,1,"E.S.I. Dispensary, Bobbili,
Government hospital road, 
Bobbili, Vizianagaram District",08944-255089,0,0
1,Andhra Pradesh,5,2,"E.S.I. Dispensary, Atchutapuram
SD Enclave,
 Near Heritage Parlour,
 Atchutapuram, Visakhapatnam District",,,
1,Andhra Pradesh,5,3,"E.S.I. Dispensary, Chittivalasa
E.S.I. Compound, Chittivalasa, Visakhapatnam – 531162.",08933-226453,-,mo[hyphen]esid[hyphen]chittivalasa[at]ap[dot]gov[dot]in
1,Andhra Pradesh,5,4,"E.S.I. Dispensary, Gandhigram, 
Nr. V.T. College, Sriharipuram,
Visakhapatnam.",0891-2756074,,
1,Andhra Pradesh,5,5,"E.S.I. Dispensary,Garividi
 Main Road, Sreeramnagar, Garividi, Vizianagaram District.",08952-281275,,
1,Andhra Pradesh,5,6,"E.S.I. Dispensary, Gopalapatnam
D.No. 4/87, Naiduthota, Visakhapatnam",0891-2573968,,
1,Andhra Pradesh,5,7,"E.S.I. Dispensary, Industrial Estate
Near SBH, Muralinagar, Visakhapatnam",0891- 2558209,,
1,Andhra Pradesh,5,8,"E.S.I. Dispensary, Kottavalasa 
Pendurthi road, Near Ayyappa Swamy Temple, Kottavalasa.",08966-263019,-,mo[hyphen]esid[hyphen]kothavalasa[at]ap[dot]gov[dot]in
1,Andhra Pradesh,5,9,"E.S.I. Dispensary, Kurmannapalem
 # 31-27-45/1, Prince Enclave, Duvvada Station Road, 
Kurmannapalem, Visakhapatnam – 530046.",7382049496,,
1,Andhra Pradesh,5,10,"E.S.I. Dispensary, Ramnagar
# 50-50-35/4, Gurupriya, Seethammadhara (W), Balayyasastri Layout, Visakhapatnam.",0891-2553780,,
1,Andhra Pradesh,6,Andhra Pradesh
1,Andhra Pradesh,6,1,"E.S.I. Dispensary, Bobbili,
Government hospital road, 
Bobbili, Vizianagaram District",08944-255089,0,0
1,Andhra Pradesh,6,2,"E.S.I. Dispensary, Atchutapuram
SD Enclave,
 Near Heritage Parlour,
 Atchutapuram, Visakhapatnam District",,,
1,Andhra Pradesh,6,3,"E.S.I. Dispensary, Chittivalasa
E.S.I. Compound, Chittivalasa, Visakhapatnam – 531162.",08933-226453,-,mo[hyphen]esid[hyphen]chittivalasa[at]ap[dot]gov[dot]in
1,Andhra Pradesh,6,4,"E.S.I. Dispensary, Gandhigram, 
Nr. V.T. College, Sriharipuram,
Visakhapatnam.",0891-2756074,,
1,Andhra Pradesh,6,5,"E.S.I. Dispensary,Garividi
 Main Road, Sreeramnagar, Garividi, Vizianagaram District.",08952-281275,,
1,Andhra Pradesh,6,6,"E.S.I. Dispensary, Gopalapatnam
D.No. 4/87, Naiduthota, Visakhapatnam",0891-2573968,,
1,Andhra Pradesh,6,7,"E.S.I. Dispensary, Industrial Estate
Near SBH, Muralinagar, Visakhapatnam",0891- 2558209,,
1,Andhra Pradesh,6,8,"E.S.I. Dispensary, Kottavalasa 
Pendurthi road, Near Ayyappa Swamy Temple, Kottavalasa.",08966-263019,-,mo[hyphen]esid[hyphen]kothavalasa[at]ap[dot]gov[dot]in
1,Andhra Pradesh,6,9,"E.S.I. Dispensary, Kurmannapalem
 # 31-27-45/1, Prince Enclave, Duvvada Station Road, 
Kurmannapalem, Visakhapatnam – 530046.",7382049496,,
1,Andhra Pradesh,6,10,"E.S.I. Dispensary, Ramnagar
# 50-50-35/4, Gurupriya, Seethammadhara (W), Balayyasastri Layout, Visakhapatnam.",0891-2553780,,
1,Andhra Pradesh,7,Andhra Pradesh
1,Andhra Pradesh,7,1,"E.S.I. Dispensary, Bobbili,
Government hospital road, 
Bobbili, Vizianagaram District",08944-255089,0,0
1,Andhra Pradesh,7,2,"E.S.I. Dispensary, Atchutapuram
SD Enclave,
 Near Heritage Parlour,
 Atchutapuram, Visakhapatnam District",,,
1,Andhra Pradesh,7,3,"E.S.I. Dispensary, Chittivalasa
E.S.I. Compound, Chittivalasa, Visakhapatnam – 531162.",08933-226453,-,mo[hyphen]esid[hyphen]chittivalasa[at]ap[dot]gov[dot]in
1,Andhra Pradesh,7,4,"E.S.I. Dispensary, Gandhigram, 
Nr. V.T. College, Sriharipuram,
Visakhapatnam.",0891-2756074,,
1,Andhra Pradesh,7,5,"E.S.I. Dispensary,Garividi
 Main Road, Sreeramnagar, Garividi, Vizianagaram District.",08952-281275,,
1,Andhra Pradesh,7,6,"E.S.I. Dispensary, Gopalapatnam
D.No. 4/87, Naiduthota, Visakhapatnam",0891-2573968,,
1,Andhra Pradesh,7,7,"E.S.I. Dispensary, Industrial Estate
Near SBH, Muralinagar, Visakhapatnam",0891- 2558209,,
1,Andhra Pradesh,7,8,"E.S.I. Dispensary, Kottavalasa 
Pendurthi road, Near Ayyappa Swamy Temple, Kottavalasa.",08966-263019,-,mo[hyphen]esid[hyphen]kothavalasa[at]ap[dot]gov[dot]in
1,Andhra Pradesh,7,9,"E.S.I. Dispensary, Kurmannapalem
 # 31-27-45/1, Prince Enclave, Duvvada Station Road, 
Kurmannapalem, Visakhapatnam – 530046.",7382049496,,
1,Andhra Pradesh,7,10,"E.S.I. Dispensary, Ramnagar
# 50-50-35/4, Gurupriya, Seethammadhara (W), Balayyasastri Layout, Visakhapatnam.",0891-2553780,,
1,Andhra Pradesh,8,Andhra Pradesh
1,Andhra Pradesh,8,1,"E.S.I. Dispensary, Bobbili,
Government hospital road, 
Bobbili, Vizianagaram District",08944-255089,0,0
1,Andhra Pradesh,8,2,"E.S.I. Dispensary, Atchutapuram
SD Enclave,
 Near Heritage Parlour,
 Atchutapuram, Visakhapatnam District",,,
1,Andhra Pradesh,8,3,"E.S.I. Dispensary, Chittivalasa
E.S.I. Compound, Chittivalasa, Visakhapatnam – 531162.",08933-226453,-,mo[hyphen]esid[hyphen]chittivalasa[at]ap[dot]gov[dot]in
1,Andhra Pradesh,8,4,"E.S.I. Dispensary, Gandhigram, 
Nr. V.T. College, Sriharipuram,
Visakhapatnam.",0891-2756074,,
1,Andhra Pradesh,8,5,"E.S.I. Dispensary,Garividi
 Main Road, Sreeramnagar, Garividi, Vizianagaram District.",08952-281275,,
1,Andhra Pradesh,8,6,"E.S.I. Dispensary, Gopalapatnam
D.No. 4/87, Naiduthota, Visakhapatnam",0891-2573968,,
1,Andhra Pradesh,8,7,"E.S.I. Dispensary, Industrial Estate
Near SBH, Muralinagar, Visakhapatnam",0891- 2558209,,
1,Andhra Pradesh,8,8,"E.S.I. Dispensary, Kottavalasa 
Pendurthi road, Near Ayyappa Swamy Temple, Kottavalasa.",08966-263019,-,mo[hyphen]esid[hyphen]kothavalasa[at]ap[dot]gov[dot]in
1,Andhra Pradesh,8,9,"E.S.I. Dispensary, Kurmannapalem
 # 31-27-45/1, Prince Enclave, Duvvada Station Road, 
Kurmannapalem, Visakhapatnam – 530046.",7382049496,,
1,Andhra Pradesh,8,10,"E.S.I. Dispensary, Ramnagar
# 50-50-35/4, Gurupriya, Seethammadhara (W), Balayyasastri Layout, Visakhapatnam.",0891-2553780,,
1,Andhra Pradesh,9,Andhra Pradesh
1,Andhra Pradesh,9,1,"E.S.I. Dispensary, Bobbili,
Government hospital road, 
Bobbili, Vizianagaram District",08944-255089,0,0
1,Andhra Pradesh,9,2,"E.S.I. Dispensary, Atchutapuram
SD Enclave,
 Near Heritage Parlour,
 Atchutapuram, Visakhapatnam District",,,
1,Andhra Pradesh,9,3,"E.S.I. Dispensary, Chittivalasa
E.S.I. Compound, Chittivalasa, Visakhapatnam – 531162.",08933-226453,-,mo[hyphen]esid[hyphen]chittivalasa[at]ap[dot]gov[dot]in
1,Andhra Pradesh,9,4,"E.S.I. Dispensary, Gandhigram, 
Nr. V.T. College, Sriharipuram,
Visakhapatnam.",0891-2756074,,
1,Andhra Pradesh,9,5,"E.S.I. Dispensary,Garividi
 Main Road, Sreeramnagar, Garividi, Vizianagaram District.",08952-281275,,
1,Andhra Pradesh,9,6,"E.S.I. Dispensary, Gopalapatnam
D.No. 4/87, Naiduthota, Visakhapatnam",0891-2573968,,
1,Andhra Pradesh,9,7,"E.S.I. Dispensary, Industrial Estate
Near SBH, Muralinagar, Visakhapatnam",0891- 2558209,,
1,Andhra Pradesh,9,8,"E.S.I. Dispensary, Kottavalasa 
Pendurthi road, Near Ayyappa Swamy Temple, Kottavalasa.",08966-263019,-,mo[hyphen]esid[hyphen]kothavalasa[at]ap[dot]gov[dot]in
1,Andhra Pradesh,9,9,"E.S.I. Dispensary, Kurmannapalem
 # 31-27-45/1, Prince Enclave, Duvvada Station Road, 
Kurmannapalem, Visakhapatnam – 530046.",7382049496,,
1,Andhra Pradesh,9,10,"E.S.I. Dispensary, Ramnagar
# 50-50-35/4, Gurupriya, Seethammadhara (W), Balayyasastri Layout, Visakhapatnam.",0891-2553780,,
2,Assam (North East),1,Assam (North East)
2,Assam (North East),1,1,"ESI Dispensary Amingaon, Opp. Military Camp, P.O- Amingaon, Guwahati-781031",98642-77739,63674013 to 63674015,-
2,Assam (North East),1,2,"Addl. ESI  Dispensary Tinsukia, P.0. Sukanpukhuri, Parbotiya, Dist. Tinsukia pin-786125",9435035572,60374013 to 60374015,-
2,Assam (North East),1,3,"ESIS Dispensary Bongaigaon, P.O. Dhaligaon, Dist. Bongaigaon-783380",9435202672,63664001 to 63664003,-
2,Assam (North East),1,4,"ESIS Dispensary Dhubri, Bidyapara, Dhubri-783301",94352-02672,63662001 to 63662003,-
2,Assam (North East),1,5,"ESIS Dispensary Dibrugarh, P.O. C.R.Building, Milannagar F.Lane, Dibrugarh-786125",94350-02848,60373001 to 60373001,mprasad[dot]shah28[at]gmail[dot]com
2,Assam (North East),1,6,"ESIS Dispensary Digboi, Dhaka line Digboi, Near rifenary gate, qtr no - 734, Assam, Pin 786171 dist -tinsukai",98598-28378,60374007 to 60374009,-
2,Assam (North East),1,7,"ESIS Dispensary Dispur, H. No. 8, Usha Nagar , Super Market, Guwahati-781006, Assam",98640-52996,63674007 to 63674009,-
2,Assam (North East),1,8,"ESIS Dispensary Doomdooma, Azad Road, Near Lotus School, PO & Dist : Doomdooma Pin- 786151",94350-36390,60374016 to 60374018,-
2,Assam (North East),1,9,"ESIS Dispensary DULIAJAN, C/o-Jiban Borah, Near Agcl  Maingate, Behind Indian Bank Complex, P.O-Duliajan, Dist. Dibrugarh",94350-35572,-,-
2,Assam (North East),1,10,"ESIS Dispensary Ghy Rifeinary, House No. 5, Banikanta Deka Path, Jubajyoti Nagar Path, 2 No. Mathghoria, Guwahati - 781020",86380-14855,63674016 to 63674018,-
2,Assam (North East),2,Assam (North East)
2,Assam (North East),2,1,"ESI Dispensary Amingaon, Opp. Military Camp, P.O- Amingaon, Guwahati-781031",98642-77739,63674013 to 63674015,-
2,Assam (North East),2,2,"Addl. ESI  Dispensary Tinsukia, P.0. Sukanpukhuri, Parbotiya, Dist. Tinsukia pin-786125",9435035572,60374013 to 60374015,-
2,Assam (North East),2,3,"ESIS Dispensary Bongaigaon, P.O. Dhaligaon, Dist. Bongaigaon-783380",9435202672,63664001 to 63664003,-
2,Assam (North East),2,4,"ESIS Dispensary Dhubri, Bidyapara, Dhubri-783301",94352-02672,63662001 to 63662003,-
2,Assam (North East),2,5,"ESIS Dispensary Dibrugarh, P.O. C.R.Building, Milannagar F.Lane, Dibrugarh-786125",94350-02848,60373001 to 60373001,mprasad[dot]shah28[at]gmail[dot]com
2,Assam (North East),2,6,"ESIS Dispensary Digboi, Dhaka line Digboi, Near rifenary gate, qtr no - 734, Assam, Pin 786171 dist -tinsukai",98598-28378,60374007 to 60374009,-
2,Assam (North East),2,7,"ESIS Dispensary Dispur, H. No. 8, Usha Nagar , Super Market, Guwahati-781006, Assam",98640-52996,63674007 to 63674009,-
2,Assam (North East),2,8,"ESIS Dispensary Doomdooma, Azad Road, Near Lotus School, PO & Dist : Doomdooma Pin- 786151",94350-36390,60374016 to 60374018,-
2,Assam (North East),2,9,"ESIS Dispensary DULIAJAN, C/o-Jiban Borah, Near Agcl  Maingate, Behind Indian Bank Complex, P.O-Duliajan, Dist. Dibrugarh",94350-35572,-,-
2,Assam (North East),2,10,"ESIS Dispensary Ghy Rifeinary, House No. 5, Banikanta Deka Path, Jubajyoti Nagar Path, 2 No. Mathghoria, Guwahati - 781020",86380-14855,63674016 to 63674018,-
2,Assam (North East),3,Assam (North East)
2,Assam (North East),3,1,"ESI Dispensary Amingaon, Opp. Military Camp, P.O- Amingaon, Guwahati-781031",98642-77739,63674013 to 63674015,-
2,Assam (North East),3,2,"Addl. ESI  Dispensary Tinsukia, P.0. Sukanpukhuri, Parbotiya, Dist. Tinsukia pin-786125",9435035572,60374013 to 60374015,-
2,Assam (North East),3,3,"ESIS Dispensary Bongaigaon, P.O. Dhaligaon, Dist. Bongaigaon-783380",9435202672,63664001 to 63664003,-
2,Assam (North East),3,4,"ESIS Dispensary Dhubri, Bidyapara, Dhubri-783301",94352-02672,63662001 to 63662003,-
2,Assam (North East),3,5,"ESIS Dispensary Dibrugarh, P.O. C.R.Building, Milannagar F.Lane, Dibrugarh-786125",94350-02848,60373001 to 60373001,mprasad[dot]shah28[at]gmail[dot]com
2,Assam (North East),3,6,"ESIS Dispensary Digboi, Dhaka line Digboi, Near rifenary gate, qtr no - 734, Assam, Pin 786171 dist -tinsukai",98598-28378,60374007 to 60374009,-
2,Assam (North East),3,7,"ESIS Dispensary Dispur, H. No. 8, Usha Nagar , Super Market, Guwahati-781006, Assam",98640-52996,63674007 to 63674009,-
2,Assam (North East),3,8,"ESIS Dispensary Doomdooma, Azad Road, Near Lotus School, PO & Dist : Doomdooma Pin- 786151",94350-36390,60374016 to 60374018,-
2,Assam (North East),3,9,"ESIS Dispensary DULIAJAN, C/o-Jiban Borah, Near Agcl  Maingate, Behind Indian Bank Complex, P.O-Duliajan, Dist. Dibrugarh",94350-35572,-,-
2,Assam (North East),3,10,"ESIS Dispensary Ghy Rifeinary, House No. 5, Banikanta Deka Path, Jubajyoti Nagar Path, 2 No. Mathghoria, Guwahati - 781020",86380-14855,63674016 to 63674018,-
2,Assam (North East),4,Assam (North East)
2,Assam (North East),4,1,"ESI Dispensary Amingaon, Opp. Military Camp, P.O- Amingaon, Guwahati-781031",98642-77739,63674013 to 63674015,-
2,Assam (North East),4,2,"Addl. ESI  Dispensary Tinsukia, P.0. Sukanpukhuri, Parbotiya, Dist. Tinsukia pin-786125",9435035572,60374013 to 60374015,-
2,Assam (North East),4,3,"ESIS Dispensary Bongaigaon, P.O. Dhaligaon, Dist. Bongaigaon-783380",9435202672,63664001 to 63664003,-
2,Assam (North East),4,4,"ESIS Dispensary Dhubri, Bidyapara, Dhubri-783301",94352-02672,63662001 to 63662003,-
2,Assam (North East),4,5,"ESIS Dispensary Dibrugarh, P.O. C.R.Building, Milannagar F.Lane, Dibrugarh-786125",94350-02848,60373001 to 60373001,mprasad[dot]shah28[at]gmail[dot]com
2,Assam (North East),4,6,"ESIS Dispensary Digboi, Dhaka line Digboi, Near rifenary gate, qtr no - 734, Assam, Pin 786171 dist -tinsukai",98598-28378,60374007 to 60374009,-
2,Assam (North East),4,7,"ESIS Dispensary Dispur, H. No. 8, Usha Nagar , Super Market, Guwahati-781006, Assam",98640-52996,63674007 to 63674009,-
2,Assam (North East),4,8,"ESIS Dispensary Doomdooma, Azad Road, Near Lotus School, PO & Dist : Doomdooma Pin- 786151",94350-36390,60374016 to 60374018,-
2,Assam (North East),4,9,"ESIS Dispensary DULIAJAN, C/o-Jiban Borah, Near Agcl  Maingate, Behind Indian Bank Complex, P.O-Duliajan, Dist. Dibrugarh",94350-35572,-,-
2,Assam (North East),4,10,"ESIS Dispensary Ghy Rifeinary, House No. 5, Banikanta Deka Path, Jubajyoti Nagar Path, 2 No. Mathghoria, Guwahati - 781020",86380-14855,63674016 to 63674018,-
2,Assam (North East),5,Assam (North East)
2,Assam (North East),5,1,"ESI Dispensary Amingaon, Opp. Military Camp, P.O- Amingaon, Guwahati-781031",98642-77739,63674013 to 63674015,-
2,Assam (North East),5,2,"Addl. ESI  Dispensary Tinsukia, P.0. Sukanpukhuri, Parbotiya, Dist. Tinsukia pin-786125",9435035572,60374013 to 60374015,-
2,Assam (North East),5,3,"ESIS Dispensary Bongaigaon, P.O. Dhaligaon, Dist. Bongaigaon-783380",9435202672,63664001 to 63664003,-
2,Assam (North East),5,4,"ESIS Dispensary Dhubri, Bidyapara, Dhubri-783301",94352-02672,63662001 to 63662003,-
2,Assam (North East),5,5,"ESIS Dispensary Dibrugarh, P.O. C.R.Building, Milannagar F.Lane, Dibrugarh-786125",94350-02848,60373001 to 60373001,mprasad[dot]shah28[at]gmail[dot]com
2,Assam (North East),5,6,"ESIS Dispensary Digboi, Dhaka line Digboi, Near rifenary gate, qtr no - 734, Assam, Pin 786171 dist -tinsukai",98598-28378,60374007 to 60374009,-
2,Assam (North East),5,7,"ESIS Dispensary Dispur, H. No. 8, Usha Nagar , Super Market, Guwahati-781006, Assam",98640-52996,63674007 to 63674009,-
2,Assam (North East),5,8,"ESIS Dispensary Doomdooma, Azad Road, Near Lotus School, PO & Dist : Doomdooma Pin- 786151",94350-36390,60374016 to 60374018,-
2,Assam (North East),5,9,"ESIS Dispensary DULIAJAN, C/o-Jiban Borah, Near Agcl  Maingate, Behind Indian Bank Complex, P.O-Duliajan, Dist. Dibrugarh",94350-35572,-,-
2,Assam (North East),5,10,"ESIS Dispensary Ghy Rifeinary, House No. 5, Banikanta Deka Path, Jubajyoti Nagar Path, 2 No. Mathghoria, Guwahati - 781020",86380-14855,63674016 to 63674018,-
2,Assam (North East),6,Assam (North East)
2,Assam (North East),6,1,"ESI Dispensary Amingaon, Opp. Military Camp, P.O- Amingaon, Guwahati-781031",98642-77739,63674013 to 63674015,-
2,Assam (North East),6,2,"Addl. ESI  Dispensary Tinsukia, P.0. Sukanpukhuri, Parbotiya, Dist. Tinsukia pin-786125",9435035572,60374013 to 60374015,-
2,Assam (North East),6,3,"ESIS Dispensary Bongaigaon, P.O. Dhaligaon, Dist. Bongaigaon-783380",9435202672,63664001 to 63664003,-
2,Assam (North East),6,4,"ESIS Dispensary Dhubri, Bidyapara, Dhubri-783301",94352-02672,63662001 to 63662003,-
2,Assam (North East),6,5,"ESIS Dispensary Dibrugarh, P.O. C.R.Building, Milannagar F.Lane, Dibrugarh-786125",94350-02848,60373001 to 60373001,mprasad[dot]shah28[at]gmail[dot]com
2,Assam (North East),6,6,"ESIS Dispensary Digboi, Dhaka line Digboi, Near rifenary gate, qtr no - 734, Assam, Pin 786171 dist -tinsukai",98598-28378,60374007 to 60374009,-
2,Assam (North East),6,7,"ESIS Dispensary Dispur, H. No. 8, Usha Nagar , Super Market, Guwahati-781006, Assam",98640-52996,63674007 to 63674009,-
2,Assam (North East),6,8,"ESIS Dispensary Doomdooma, Azad Road, Near Lotus School, PO & Dist : Doomdooma Pin- 786151",94350-36390,60374016 to 60374018,-
2,Assam (North East),6,9,"ESIS Dispensary DULIAJAN, C/o-Jiban Borah, Near Agcl  Maingate, Behind Indian Bank Complex, P.O-Duliajan, Dist. Dibrugarh",94350-35572,-,-
2,Assam (North East),6,10,"ESIS Dispensary Ghy Rifeinary, House No. 5, Banikanta Deka Path, Jubajyoti Nagar Path, 2 No. Mathghoria, Guwahati - 781020",86380-14855,63674016 to 63674018,-
2,Assam (North East),7,Assam (North East)
2,Assam (North East),7,1,"ESI Dispensary Amingaon, Opp. Military Camp, P.O- Amingaon, Guwahati-781031",98642-77739,63674013 to 63674015,-
2,Assam (North East),7,2,"Addl. ESI  Dispensary Tinsukia, P.0. Sukanpukhuri, Parbotiya, Dist. Tinsukia pin-786125",9435035572,60374013 to 60374015,-
2,Assam (North East),7,3,"ESIS Dispensary Bongaigaon, P.O. Dhaligaon, Dist. Bongaigaon-783380",9435202672,63664001 to 63664003,-
2,Assam (North East),7,4,"ESIS Dispensary Dhubri, Bidyapara, Dhubri-783301",94352-02672,63662001 to 63662003,-
2,Assam (North East),7,5,"ESIS Dispensary Dibrugarh, P.O. C.R.Building, Milannagar F.Lane, Dibrugarh-786125",94350-02848,60373001 to 60373001,mprasad[dot]shah28[at]gmail[dot]com
2,Assam (North East),7,6,"ESIS Dispensary Digboi, Dhaka line Digboi, Near rifenary gate, qtr no - 734, Assam, Pin 786171 dist -tinsukai",98598-28378,60374007 to 60374009,-
2,Assam (North East),7,7,"ESIS Dispensary Dispur, H. No. 8, Usha Nagar , Super Market, Guwahati-781006, Assam",98640-52996,63674007 to 63674009,-
2,Assam (North East),7,8,"ESIS Dispensary Doomdooma, Azad Road, Near Lotus School, PO & Dist : Doomdooma Pin- 786151",94350-36390,60374016 to 60374018,-
2,Assam (North East),7,9,"ESIS Dispensary DULIAJAN, C/o-Jiban Borah, Near Agcl  Maingate, Behind Indian Bank Complex, P.O-Duliajan, Dist. Dibrugarh",94350-35572,-,-
2,Assam (North East),7,10,"ESIS Dispensary Ghy Rifeinary, House No. 5, Banikanta Deka Path, Jubajyoti Nagar Path, 2 No. Mathghoria, Guwahati - 781020",86380-14855,63674016 to 63674018,-
2,Assam (North East),8,Assam (North East)
2,Assam (North East),8,1,"ESI Dispensary Amingaon, Opp. Military Camp, P.O- Amingaon, Guwahati-781031",98642-77739,63674013 to 63674015,-
2,Assam (North East),8,2,"Addl. ESI  Dispensary Tinsukia, P.0. Sukanpukhuri, Parbotiya, Dist. Tinsukia pin-786125",9435035572,60374013 to 60374015,-
2,Assam (North East),8,3,"ESIS Dispensary Bongaigaon, P.O. Dhaligaon, Dist. Bongaigaon-783380",9435202672,63664001 to 63664003,-
2,Assam (North East),8,4,"ESIS Dispensary Dhubri, Bidyapara, Dhubri-783301",94352-02672,63662001 to 63662003,-
2,Assam (North East),8,5,"ESIS Dispensary Dibrugarh, P.O. C.R.Building, Milannagar F.Lane, Dibrugarh-786125",94350-02848,60373001 to 60373001,mprasad[dot]shah28[at]gmail[dot]com
2,Assam (North East),8,6,"ESIS Dispensary Digboi, Dhaka line Digboi, Near rifenary gate, qtr no - 734, Assam, Pin 786171 dist -tinsukai",98598-28378,60374007 to 60374009,-
2,Assam (North East),8,7,"ESIS Dispensary Dispur, H. No. 8, Usha Nagar , Super Market, Guwahati-781006, Assam",98640-52996,63674007 to 63674009,-
2,Assam (North East),8,8,"ESIS Dispensary Doomdooma, Azad Road, Near Lotus School, PO & Dist : Doomdooma Pin- 786151",94350-36390,60374016 to 60374018,-
2,Assam (North East),8,9,"ESIS Dispensary DULIAJAN, C/o-Jiban Borah, Near Agcl  Maingate, Behind Indian Bank Complex, P.O-Duliajan, Dist. Dibrugarh",94350-35572,-,-
2,Assam (North East),8,10,"ESIS Dispensary Ghy Rifeinary, House No. 5, Banikanta Deka Path, Jubajyoti Nagar Path, 2 No. Mathghoria, Guwahati - 781020",86380-14855,63674016 to 63674018,-
2,Assam (North East),9,Assam (North East)
2,Assam (North East),9,1,"ESI Dispensary Amingaon, Opp. Military Camp, P.O- Amingaon, Guwahati-781031",98642-77739,63674013 to 63674015,-
2,Assam (North East),9,2,"Addl. ESI  Dispensary Tinsukia, P.0. Sukanpukhuri, Parbotiya, Dist. Tinsukia pin-786125",9435035572,60374013 to 60374015,-
2,Assam (North East),9,3,"ESIS Dispensary Bongaigaon, P.O. Dhaligaon, Dist. Bongaigaon-783380",9435202672,63664001 to 63664003,-
2,Assam (North East),9,4,"ESIS Dispensary Dhubri, Bidyapara, Dhubri-783301",94352-02672,63662001 to 63662003,-
2,Assam (North East),9,5,"ESIS Dispensary Dibrugarh, P.O. C.R.Building, Milannagar F.Lane, Dibrugarh-786125",94350-02848,60373001 to 60373001,mprasad[dot]shah28[at]gmail[dot]com
2,Assam (North East),9,6,"ESIS Dispensary Digboi, Dhaka line Digboi, Near rifenary gate, qtr no - 734, Assam, Pin 786171 dist -tinsukai",98598-28378,60374007 to 60374009,-
2,Assam (North East),9,7,"ESIS Dispensary Dispur, H. No. 8, Usha Nagar , Super Market, Guwahati-781006, Assam",98640-52996,63674007 to 63674009,-
2,Assam (North East),9,8,"ESIS Dispensary Doomdooma, Azad Road, Near Lotus School, PO & Dist : Doomdooma Pin- 786151",94350-36390,60374016 to 60374018,-
2,Assam (North East),9,9,"ESIS Dispensary DULIAJAN, C/o-Jiban Borah, Near Agcl  Maingate, Behind Indian Bank Complex, P.O-Duliajan, Dist. Dibrugarh",94350-35572,-,-
2,Assam (North East),9,10,"ESIS Dispensary Ghy Rifeinary, House No. 5, Banikanta Deka Path, Jubajyoti Nagar Path, 2 No. Mathghoria, Guwahati - 781020",86380-14855,63674016 to 63674018,-
3,Bihar,1,Bihar
3,Bihar,1,1,"IMO In-Charge , Phulwarisharif, Patna",9204759755,9204759755,disp[hyphen]phulwarisharif[dot]bh[at]esic[dot]nic[dot]in
3,Bihar,1,2,"IMO In-charge, ESI Dispensary, H/O- Sri Ram Tawakya Singh, House no-176, Road No- 23, Sri Krishna Nagar, Patna, Pin code- 800001",8544419802,8544419802,disp[hyphen]sknagar[dot]bh[at]esic[dot]nic[dot]in
3,Bihar,1,3,"IMO In-Charge ,Ma Medica,Lahari Tola, Bhagalpur",8544419808,8544419808,disp[hyphen]bhagalpur[dot]bh[at]esic[dot]nic[dot]in
3,Bihar,1,4,"IMO In-Charge , Shouji Ghat,Near fort, Munger",8544419808,8544419808,disp[hyphen]munger[dot]bh[at]esic[dot]nic[dot]in
3,Bihar,1,5,"IMO In-Charge ,Muktapur, Campus Shram Kalyan Kendra, Samastipur",9835062438,9835062438,disp[hyphen]samastipur[dot]bh[at]esic[dot]nic[dot]in
3,Bihar,1,6,"IMO-Incharge,ESI Dispensary,Maharanapratap Colony,Hajipur, Vaishali.",8544419802,8544419802,disp[hyphen]hajipur[dot]bh[at]esic[dot]nic[dot]in
3,Bihar,1,7,"IMO In-Charge ,ESI Dispensary, Banjari, Rohtas-821303",9905209809,9905209809,disp[hyphen]banjari[dot]bh[at]esic[dot]nic[dot]in
3,Bihar,1,8,"IMO In-Charge ,Ranipur Khirki, Near Nath Cold storage, Patna city, Patna/ESI Dispensary, In front of Raj Cold Storage, Jallagali, Ranipur, Patna.",8544419817,8544419817,disp[hyphen]patnacity[dot]bh[at]esic[dot]nic[dot]in
3,Bihar,1,9,"IMO In-Charge ,Ashok Nagar, Road No 7, Kankarbagh, Patna-800020.",9934218302,9934218302,disp[hyphen]kankarbagh[dot]bh[at]esic[dot]nic[dot]in
3,Bihar,1,10,"ESI Dispensary, Bata Factory Campus, Hatidah, Patna",9934004246,9934004246,disp[hyphen]hathidah[dot]bh[at]esic[dot]nic[dot]in
3,Bihar,2,Bihar
3,Bihar,2,1,"IMO In-Charge , Phulwarisharif, Patna",9204759755,9204759755,disp[hyphen]phulwarisharif[dot]bh[at]esic[dot]nic[dot]in
3,Bihar,2,2,"IMO In-charge, ESI Dispensary, H/O- Sri Ram Tawakya Singh, House no-176, Road No- 23, Sri Krishna Nagar, Patna, Pin code- 800001",8544419802,8544419802,disp[hyphen]sknagar[dot]bh[at]esic[dot]nic[dot]in
3,Bihar,2,3,"IMO In-Charge ,Ma Medica,Lahari Tola, Bhagalpur",8544419808,8544419808,disp[hyphen]bhagalpur[dot]bh[at]esic[dot]nic[dot]in
3,Bihar,2,4,"IMO In-Charge , Shouji Ghat,Near fort, Munger",8544419808,8544419808,disp[hyphen]munger[dot]bh[at]esic[dot]nic[dot]in
3,Bihar,2,5,"IMO In-Charge ,Muktapur, Campus Shram Kalyan Kendra, Samastipur",9835062438,9835062438,disp[hyphen]samastipur[dot]bh[at]esic[dot]nic[dot]in
3,Bihar,2,6,"IMO-Incharge,ESI Dispensary,Maharanapratap Colony,Hajipur, Vaishali.",8544419802,8544419802,disp[hyphen]hajipur[dot]bh[at]esic[dot]nic[dot]in
3,Bihar,2,7,"IMO In-Charge ,ESI Dispensary, Banjari, Rohtas-821303",9905209809,9905209809,disp[hyphen]banjari[dot]bh[at]esic[dot]nic[dot]in
3,Bihar,2,8,"IMO In-Charge ,Ranipur Khirki, Near Nath Cold storage, Patna city, Patna/ESI Dispensary, In front of Raj Cold Storage, Jallagali, Ranipur, Patna.",8544419817,8544419817,disp[hyphen]patnacity[dot]bh[at]esic[dot]nic[dot]in
3,Bihar,2,9,"IMO In-Charge ,Ashok Nagar, Road No 7, Kankarbagh, Patna-800020.",9934218302,9934218302,disp[hyphen]kankarbagh[dot]bh[at]esic[dot]nic[dot]in
3,Bihar,2,10,"ESI Dispensary, Bata Factory Campus, Hatidah, Patna",9934004246,9934004246,disp[hyphen]hathidah[dot]bh[at]esic[dot]nic[dot]in
4,Chhattisgarh,1,Chhattisgarh
4,Chhattisgarh,1,1,"ESI Dispensary Siltara, 
Address:- Behind Sai Kripa Hospital, Near HP Petrol pump, Bilaspur road Siltara, Raipur District Raipur C.G. 493111",9827509400,60000000,doctornikhilbansal7[at]gmail[dot]com
4,Chhattisgarh,1,2,"ESI Dispensary Raipur 18, South Avenue, Choubey Colony, Raipur(CG)",8871223320,60771010-11-12,disp[hyphen]raipur[dot]ch[at]esic[dot]nic[dot]in
4,Chhattisgarh,1,3,"ESI Dispensary- Kabir Nagar, Co Sh. Amit Tiwari, Quarter No. HDD-276, Housing Board Colony, Kabir Nagar, Phase-III, Raipur","8889294635, 9993453548",60771008-9-10,disp[hyphen]kabirnagar[dot]cg[at]esic[dot]nic[dot]in
4,Chhattisgarh,1,4,"ESI Dispensary- Fafadih, Jetwa Building, Opp. State Bank of India, Above Kamra Medical, Bilaspur Road Fafadih, Raipur (CG) 492001",9713861868,60771001/2/3,disp[hyphen]fafadih[dot]ch[at]esic[dot]nic[dot]in
4,Chhattisgarh,1,5,"ESI Dispensary- Baikunth, Tilda, House of Doman Prasad Joshi, Near Railway Station chowk, Baikunth, Tilda, Raipur CG",8871223320,0000000,disp[hyphen]tilda[dot]cg[at]esic[dot]nic[dot]in
4,Chhattisgarh,1,6,"ESI Dispensary- Mandir Hasoud,House of Shri Raghunath Patel, Near patel Bhawan, Krishna Chouk,Ward No.15, Mandir Hasud, Teh:Arang. Dist Raipur""",9827403102,60771013/14/15,-
4,Chhattisgarh,1,7,"ESI Dispensary - Akaltara Adress Masjid Road, Ward No.-6, Akaltara, District- Janjgir Champa, Chhattisgarh, PIN-495552",07817252018,-,disp[hyphen]akaltara[dot]cg[at]esic[dot]nic[dot]in
4,Chhattisgarh,1,8,"ESIDispensary Sejbahar-Dunda, Near Kali Mandir, Old Dhamtari Road, Dunda,
Sejbahar, Near Kamal Vihar, District- Raipur,",9406034762,-,latikalata19[at]gmail[dot]com
4,Chhattisgarh,1,9,"ESI Dispensary - Rajim-Navapara C/o Shri Najrudhin Rizavi, Raja Colony, Ward No.-02, Near National Public school, Navapara, Rajim
District- Gariyabandh, Chhattisgarh, PIN-493885
""",9993178402,-,-
4,Chhattisgarh,1,10,"ESI Dispensary- Jamul, Infront of Bansal Petrol Pump, Above Variety Tiles, Jamul Road, Bhilai, Dist Durg (CG) PIN-490024",Dr. Samta - 07882997332,0000,disp[hyphen]jamul[dot]cg[at]esic[dot]nic[dot]in
4,Chhattisgarh,2,Chhattisgarh
4,Chhattisgarh,2,1,"ESI Dispensary Siltara, 
Address:- Behind Sai Kripa Hospital, Near HP Petrol pump, Bilaspur road Siltara, Raipur District Raipur C.G. 493111",9827509400,60000000,doctornikhilbansal7[at]gmail[dot]com
4,Chhattisgarh,2,2,"ESI Dispensary Raipur 18, South Avenue, Choubey Colony, Raipur(CG)",8871223320,60771010-11-12,disp[hyphen]raipur[dot]ch[at]esic[dot]nic[dot]in
4,Chhattisgarh,2,3,"ESI Dispensary- Kabir Nagar, Co Sh. Amit Tiwari, Quarter No. HDD-276, Housing Board Colony, Kabir Nagar, Phase-III, Raipur","8889294635, 9993453548",60771008-9-10,disp[hyphen]kabirnagar[dot]cg[at]esic[dot]nic[dot]in
4,Chhattisgarh,2,4,"ESI Dispensary- Fafadih, Jetwa Building, Opp. State Bank of India, Above Kamra Medical, Bilaspur Road Fafadih, Raipur (CG) 492001",9713861868,60771001/2/3,disp[hyphen]fafadih[dot]ch[at]esic[dot]nic[dot]in
4,Chhattisgarh,2,5,"ESI Dispensary- Baikunth, Tilda, House of Doman Prasad Joshi, Near Railway Station chowk, Baikunth, Tilda, Raipur CG",8871223320,0000000,disp[hyphen]tilda[dot]cg[at]esic[dot]nic[dot]in
4,Chhattisgarh,2,6,"ESI Dispensary- Mandir Hasoud,House of Shri Raghunath Patel, Near patel Bhawan, Krishna Chouk,Ward No.15, Mandir Hasud, Teh:Arang. Dist Raipur""",9827403102,60771013/14/15,-
4,Chhattisgarh,2,7,"ESI Dispensary - Akaltara Adress Masjid Road, Ward No.-6, Akaltara, District- Janjgir Champa, Chhattisgarh, PIN-495552",07817252018,-,disp[hyphen]akaltara[dot]cg[at]esic[dot]nic[dot]in
4,Chhattisgarh,2,8,"ESIDispensary Sejbahar-Dunda, Near Kali Mandir, Old Dhamtari Road, Dunda,
Sejbahar, Near Kamal Vihar, District- Raipur,",9406034762,-,latikalata19[at]gmail[dot]com
4,Chhattisgarh,2,9,"ESI Dispensary - Rajim-Navapara C/o Shri Najrudhin Rizavi, Raja Colony, Ward No.-02, Near National Public school, Navapara, Rajim
District- Gariyabandh, Chhattisgarh, PIN-493885
""",9993178402,-,-
4,Chhattisgarh,2,10,"ESI Dispensary- Jamul, Infront of Bansal Petrol Pump, Above Variety Tiles, Jamul Road, Bhilai, Dist Durg (CG) PIN-490024",Dr. Samta - 07882997332,0000,disp[hyphen]jamul[dot]cg[at]esic[dot]nic[dot]in
4,Chhattisgarh,3,Chhattisgarh
4,Chhattisgarh,3,1,"ESI Dispensary Siltara, 
Address:- Behind Sai Kripa Hospital, Near HP Petrol pump, Bilaspur road Siltara, Raipur District Raipur C.G. 493111",9827509400,60000000,doctornikhilbansal7[at]gmail[dot]com
4,Chhattisgarh,3,2,"ESI Dispensary Raipur 18, South Avenue, Choubey Colony, Raipur(CG)",8871223320,60771010-11-12,disp[hyphen]raipur[dot]ch[at]esic[dot]nic[dot]in
4,Chhattisgarh,3,3,"ESI Dispensary- Kabir Nagar, Co Sh. Amit Tiwari, Quarter No. HDD-276, Housing Board Colony, Kabir Nagar, Phase-III, Raipur","8889294635, 9993453548",60771008-9-10,disp[hyphen]kabirnagar[dot]cg[at]esic[dot]nic[dot]in
4,Chhattisgarh,3,4,"ESI Dispensary- Fafadih, Jetwa Building, Opp. State Bank of India, Above Kamra Medical, Bilaspur Road Fafadih, Raipur (CG) 492001",9713861868,60771001/2/3,disp[hyphen]fafadih[dot]ch[at]esic[dot]nic[dot]in
4,Chhattisgarh,3,5,"ESI Dispensary- Baikunth, Tilda, House of Doman Prasad Joshi, Near Railway Station chowk, Baikunth, Tilda, Raipur CG",8871223320,0000000,disp[hyphen]tilda[dot]cg[at]esic[dot]nic[dot]in
4,Chhattisgarh,3,6,"ESI Dispensary- Mandir Hasoud,House of Shri Raghunath Patel, Near patel Bhawan, Krishna Chouk,Ward No.15, Mandir Hasud, Teh:Arang. Dist Raipur""",9827403102,60771013/14/15,-
4,Chhattisgarh,3,7,"ESI Dispensary - Akaltara Adress Masjid Road, Ward No.-6, Akaltara, District- Janjgir Champa, Chhattisgarh, PIN-495552",07817252018,-,disp[hyphen]akaltara[dot]cg[at]esic[dot]nic[dot]in
4,Chhattisgarh,3,8,"ESIDispensary Sejbahar-Dunda, Near Kali Mandir, Old Dhamtari Road, Dunda,
Sejbahar, Near Kamal Vihar, District- Raipur,",9406034762,-,latikalata19[at]gmail[dot]com
4,Chhattisgarh,3,9,"ESI Dispensary - Rajim-Navapara C/o Shri Najrudhin Rizavi, Raja Colony, Ward No.-02, Near National Public school, Navapara, Rajim
District- Gariyabandh, Chhattisgarh, PIN-493885
""",9993178402,-,-
4,Chhattisgarh,3,10,"ESI Dispensary- Jamul, Infront of Bansal Petrol Pump, Above Variety Tiles, Jamul Road, Bhilai, Dist Durg (CG) PIN-490024",Dr. Samta - 07882997332,0000,disp[hyphen]jamul[dot]cg[at]esic[dot]nic[dot]in
4,Chhattisgarh,4,Chhattisgarh
4,Chhattisgarh,4,1,"ESI Dispensary Siltara, 
Address:- Behind Sai Kripa Hospital, Near HP Petrol pump, Bilaspur road Siltara, Raipur District Raipur C.G. 493111",9827509400,60000000,doctornikhilbansal7[at]gmail[dot]com
4,Chhattisgarh,4,2,"ESI Dispensary Raipur 18, South Avenue, Choubey Colony, Raipur(CG)",8871223320,60771010-11-12,disp[hyphen]raipur[dot]ch[at]esic[dot]nic[dot]in
4,Chhattisgarh,4,3,"ESI Dispensary- Kabir Nagar, Co Sh. Amit Tiwari, Quarter No. HDD-276, Housing Board Colony, Kabir Nagar, Phase-III, Raipur","8889294635, 9993453548",60771008-9-10,disp[hyphen]kabirnagar[dot]cg[at]esic[dot]nic[dot]in
4,Chhattisgarh,4,4,"ESI Dispensary- Fafadih, Jetwa Building, Opp. State Bank of India, Above Kamra Medical, Bilaspur Road Fafadih, Raipur (CG) 492001",9713861868,60771001/2/3,disp[hyphen]fafadih[dot]ch[at]esic[dot]nic[dot]in
4,Chhattisgarh,4,5,"ESI Dispensary- Baikunth, Tilda, House of Doman Prasad Joshi, Near Railway Station chowk, Baikunth, Tilda, Raipur CG",8871223320,0000000,disp[hyphen]tilda[dot]cg[at]esic[dot]nic[dot]in
4,Chhattisgarh,4,6,"ESI Dispensary- Mandir Hasoud,House of Shri Raghunath Patel, Near patel Bhawan, Krishna Chouk,Ward No.15, Mandir Hasud, Teh:Arang. Dist Raipur""",9827403102,60771013/14/15,-
4,Chhattisgarh,4,7,"ESI Dispensary - Akaltara Adress Masjid Road, Ward No.-6, Akaltara, District- Janjgir Champa, Chhattisgarh, PIN-495552",07817252018,-,disp[hyphen]akaltara[dot]cg[at]esic[dot]nic[dot]in
4,Chhattisgarh,4,8,"ESIDispensary Sejbahar-Dunda, Near Kali Mandir, Old Dhamtari Road, Dunda,
Sejbahar, Near Kamal Vihar, District- Raipur,",9406034762,-,latikalata19[at]gmail[dot]com
4,Chhattisgarh,4,9,"ESI Dispensary - Rajim-Navapara C/o Shri Najrudhin Rizavi, Raja Colony, Ward No.-02, Near National Public school, Navapara, Rajim
District- Gariyabandh, Chhattisgarh, PIN-493885
""",9993178402,-,-
4,Chhattisgarh,4,10,"ESI Dispensary- Jamul, Infront of Bansal Petrol Pump, Above Variety Tiles, Jamul Road, Bhilai, Dist Durg (CG) PIN-490024",Dr. Samta - 07882997332,0000,disp[hyphen]jamul[dot]cg[at]esic[dot]nic[dot]in
4,Chhattisgarh,5,Chhattisgarh
4,Chhattisgarh,5,1,"ESI Dispensary Siltara, 
Address:- Behind Sai Kripa Hospital, Near HP Petrol pump, Bilaspur road Siltara, Raipur District Raipur C.G. 493111",9827509400,60000000,doctornikhilbansal7[at]gmail[dot]com
4,Chhattisgarh,5,2,"ESI Dispensary Raipur 18, South Avenue, Choubey Colony, Raipur(CG)",8871223320,60771010-11-12,disp[hyphen]raipur[dot]ch[at]esic[dot]nic[dot]in
4,Chhattisgarh,5,3,"ESI Dispensary- Kabir Nagar, Co Sh. Amit Tiwari, Quarter No. HDD-276, Housing Board Colony, Kabir Nagar, Phase-III, Raipur","8889294635, 9993453548",60771008-9-10,disp[hyphen]kabirnagar[dot]cg[at]esic[dot]nic[dot]in
4,Chhattisgarh,5,4,"ESI Dispensary- Fafadih, Jetwa Building, Opp. State Bank of India, Above Kamra Medical, Bilaspur Road Fafadih, Raipur (CG) 492001",9713861868,60771001/2/3,disp[hyphen]fafadih[dot]ch[at]esic[dot]nic[dot]in
4,Chhattisgarh,5,5,"ESI Dispensary- Baikunth, Tilda, House of Doman Prasad Joshi, Near Railway Station chowk, Baikunth, Tilda, Raipur CG",8871223320,0000000,disp[hyphen]tilda[dot]cg[at]esic[dot]nic[dot]in
4,Chhattisgarh,5,6,"ESI Dispensary- Mandir Hasoud,House of Shri Raghunath Patel, Near patel Bhawan, Krishna Chouk,Ward No.15, Mandir Hasud, Teh:Arang. Dist Raipur""",9827403102,60771013/14/15,-
4,Chhattisgarh,5,7,"ESI Dispensary - Akaltara Adress Masjid Road, Ward No.-6, Akaltara, District- Janjgir Champa, Chhattisgarh, PIN-495552",07817252018,-,disp[hyphen]akaltara[dot]cg[at]esic[dot]nic[dot]in
4,Chhattisgarh,5,8,"ESIDispensary Sejbahar-Dunda, Near Kali Mandir, Old Dhamtari Road, Dunda,
Sejbahar, Near Kamal Vihar, District- Raipur,",9406034762,-,latikalata19[at]gmail[dot]com
4,Chhattisgarh,5,9,"ESI Dispensary - Rajim-Navapara C/o Shri Najrudhin Rizavi, Raja Colony, Ward No.-02, Near National Public school, Navapara, Rajim
District- Gariyabandh, Chhattisgarh, PIN-493885
""",9993178402,-,-
4,Chhattisgarh,5,10,"ESI Dispensary- Jamul, Infront of Bansal Petrol Pump, Above Variety Tiles, Jamul Road, Bhilai, Dist Durg (CG) PIN-490024",Dr. Samta - 07882997332,0000,disp[hyphen]jamul[dot]cg[at]esic[dot]nic[dot]in
4,Chhattisgarh,6,Chhattisgarh
4,Chhattisgarh,6,1,"ESI Dispensary Siltara, 
Address:- Behind Sai Kripa Hospital, Near HP Petrol pump, Bilaspur road Siltara, Raipur District Raipur C.G. 493111",9827509400,60000000,doctornikhilbansal7[at]gmail[dot]com
4,Chhattisgarh,6,2,"ESI Dispensary Raipur 18, South Avenue, Choubey Colony, Raipur(CG)",8871223320,60771010-11-12,disp[hyphen]raipur[dot]ch[at]esic[dot]nic[dot]in
4,Chhattisgarh,6,3,"ESI Dispensary- Kabir Nagar, Co Sh. Amit Tiwari, Quarter No. HDD-276, Housing Board Colony, Kabir Nagar, Phase-III, Raipur","8889294635, 9993453548",60771008-9-10,disp[hyphen]kabirnagar[dot]cg[at]esic[dot]nic[dot]in
4,Chhattisgarh,6,4,"ESI Dispensary- Fafadih, Jetwa Building, Opp. State Bank of India, Above Kamra Medical, Bilaspur Road Fafadih, Raipur (CG) 492001",9713861868,60771001/2/3,disp[hyphen]fafadih[dot]ch[at]esic[dot]nic[dot]in
4,Chhattisgarh,6,5,"ESI Dispensary- Baikunth, Tilda, House of Doman Prasad Joshi, Near Railway Station chowk, Baikunth, Tilda, Raipur CG",8871223320,0000000,disp[hyphen]tilda[dot]cg[at]esic[dot]nic[dot]in
4,Chhattisgarh,6,6,"ESI Dispensary- Mandir Hasoud,House of Shri Raghunath Patel, Near patel Bhawan, Krishna Chouk,Ward No.15, Mandir Hasud, Teh:Arang. Dist Raipur""",9827403102,60771013/14/15,-
4,Chhattisgarh,6,7,"ESI Dispensary - Akaltara Adress Masjid Road, Ward No.-6, Akaltara, District- Janjgir Champa, Chhattisgarh, PIN-495552",07817252018,-,disp[hyphen]akaltara[dot]cg[at]esic[dot]nic[dot]in
4,Chhattisgarh,6,8,"ESIDispensary Sejbahar-Dunda, Near Kali Mandir, Old Dhamtari Road, Dunda,
Sejbahar, Near Kamal Vihar, District- Raipur,",9406034762,-,latikalata19[at]gmail[dot]com
4,Chhattisgarh,6,9,"ESI Dispensary - Rajim-Navapara C/o Shri Najrudhin Rizavi, Raja Colony, Ward No.-02, Near National Public school, Navapara, Rajim
District- Gariyabandh, Chhattisgarh, PIN-493885
""",9993178402,-,-
4,Chhattisgarh,6,10,"ESI Dispensary- Jamul, Infront of Bansal Petrol Pump, Above Variety Tiles, Jamul Road, Bhilai, Dist Durg (CG) PIN-490024",Dr. Samta - 07882997332,0000,disp[hyphen]jamul[dot]cg[at]esic[dot]nic[dot]in
4,Chhattisgarh,7,Chhattisgarh
4,Chhattisgarh,7,1,"ESI Dispensary Siltara, 
Address:- Behind Sai Kripa Hospital, Near HP Petrol pump, Bilaspur road Siltara, Raipur District Raipur C.G. 493111",9827509400,60000000,doctornikhilbansal7[at]gmail[dot]com
4,Chhattisgarh,7,2,"ESI Dispensary Raipur 18, South Avenue, Choubey Colony, Raipur(CG)",8871223320,60771010-11-12,disp[hyphen]raipur[dot]ch[at]esic[dot]nic[dot]in
4,Chhattisgarh,7,3,"ESI Dispensary- Kabir Nagar, Co Sh. Amit Tiwari, Quarter No. HDD-276, Housing Board Colony, Kabir Nagar, Phase-III, Raipur","8889294635, 9993453548",60771008-9-10,disp[hyphen]kabirnagar[dot]cg[at]esic[dot]nic[dot]in
4,Chhattisgarh,7,4,"ESI Dispensary- Fafadih, Jetwa Building, Opp. State Bank of India, Above Kamra Medical, Bilaspur Road Fafadih, Raipur (CG) 492001",9713861868,60771001/2/3,disp[hyphen]fafadih[dot]ch[at]esic[dot]nic[dot]in
4,Chhattisgarh,7,5,"ESI Dispensary- Baikunth, Tilda, House of Doman Prasad Joshi, Near Railway Station chowk, Baikunth, Tilda, Raipur CG",8871223320,0000000,disp[hyphen]tilda[dot]cg[at]esic[dot]nic[dot]in
4,Chhattisgarh,7,6,"ESI Dispensary- Mandir Hasoud,House of Shri Raghunath Patel, Near patel Bhawan, Krishna Chouk,Ward No.15, Mandir Hasud, Teh:Arang. Dist Raipur""",9827403102,60771013/14/15,-
4,Chhattisgarh,7,7,"ESI Dispensary - Akaltara Adress Masjid Road, Ward No.-6, Akaltara, District- Janjgir Champa, Chhattisgarh, PIN-495552",07817252018,-,disp[hyphen]akaltara[dot]cg[at]esic[dot]nic[dot]in
4,Chhattisgarh,7,8,"ESIDispensary Sejbahar-Dunda, Near Kali Mandir, Old Dhamtari Road, Dunda,
Sejbahar, Near Kamal Vihar, District- Raipur,",9406034762,-,latikalata19[at]gmail[dot]com
4,Chhattisgarh,7,9,"ESI Dispensary - Rajim-Navapara C/o Shri Najrudhin Rizavi, Raja Colony, Ward No.-02, Near National Public school, Navapara, Rajim
District- Gariyabandh, Chhattisgarh, PIN-493885
""",9993178402,-,-
4,Chhattisgarh,7,10,"ESI Dispensary- Jamul, Infront of Bansal Petrol Pump, Above Variety Tiles, Jamul Road, Bhilai, Dist Durg (CG) PIN-490024",Dr. Samta - 07882997332,0000,disp[hyphen]jamul[dot]cg[at]esic[dot]nic[dot]in
4,Chhattisgarh,8,Chhattisgarh
4,Chhattisgarh,8,1,"ESI Dispensary Siltara, 
Address:- Behind Sai Kripa Hospital, Near HP Petrol pump, Bilaspur road Siltara, Raipur District Raipur C.G. 493111",9827509400,60000000,doctornikhilbansal7[at]gmail[dot]com
4,Chhattisgarh,8,2,"ESI Dispensary Raipur 18, South Avenue, Choubey Colony, Raipur(CG)",8871223320,60771010-11-12,disp[hyphen]raipur[dot]ch[at]esic[dot]nic[dot]in
4,Chhattisgarh,8,3,"ESI Dispensary- Kabir Nagar, Co Sh. Amit Tiwari, Quarter No. HDD-276, Housing Board Colony, Kabir Nagar, Phase-III, Raipur","8889294635, 9993453548",60771008-9-10,disp[hyphen]kabirnagar[dot]cg[at]esic[dot]nic[dot]in
4,Chhattisgarh,8,4,"ESI Dispensary- Fafadih, Jetwa Building, Opp. State Bank of India, Above Kamra Medical, Bilaspur Road Fafadih, Raipur (CG) 492001",9713861868,60771001/2/3,disp[hyphen]fafadih[dot]ch[at]esic[dot]nic[dot]in
4,Chhattisgarh,8,5,"ESI Dispensary- Baikunth, Tilda, House of Doman Prasad Joshi, Near Railway Station chowk, Baikunth, Tilda, Raipur CG",8871223320,0000000,disp[hyphen]tilda[dot]cg[at]esic[dot]nic[dot]in
4,Chhattisgarh,8,6,"ESI Dispensary- Mandir Hasoud,House of Shri Raghunath Patel, Near patel Bhawan, Krishna Chouk,Ward No.15, Mandir Hasud, Teh:Arang. Dist Raipur""",9827403102,60771013/14/15,-
4,Chhattisgarh,8,7,"ESI Dispensary - Akaltara Adress Masjid Road, Ward No.-6, Akaltara, District- Janjgir Champa, Chhattisgarh, PIN-495552",07817252018,-,disp[hyphen]akaltara[dot]cg[at]esic[dot]nic[dot]in
4,Chhattisgarh,8,8,"ESIDispensary Sejbahar-Dunda, Near Kali Mandir, Old Dhamtari Road, Dunda,
Sejbahar, Near Kamal Vihar, District- Raipur,",9406034762,-,latikalata19[at]gmail[dot]com
4,Chhattisgarh,8,9,"ESI Dispensary - Rajim-Navapara C/o Shri Najrudhin Rizavi, Raja Colony, Ward No.-02, Near National Public school, Navapara, Rajim
District- Gariyabandh, Chhattisgarh, PIN-493885
""",9993178402,-,-
4,Chhattisgarh,8,10,"ESI Dispensary- Jamul, Infront of Bansal Petrol Pump, Above Variety Tiles, Jamul Road, Bhilai, Dist Durg (CG) PIN-490024",Dr. Samta - 07882997332,0000,disp[hyphen]jamul[dot]cg[at]esic[dot]nic[dot]in
4,Chhattisgarh,9,Chhattisgarh
4,Chhattisgarh,9,1,"ESI Dispensary Siltara, 
Address:- Behind Sai Kripa Hospital, Near HP Petrol pump, Bilaspur road Siltara, Raipur District Raipur C.G. 493111",9827509400,60000000,doctornikhilbansal7[at]gmail[dot]com
4,Chhattisgarh,9,2,"ESI Dispensary Raipur 18, South Avenue, Choubey Colony, Raipur(CG)",8871223320,60771010-11-12,disp[hyphen]raipur[dot]ch[at]esic[dot]nic[dot]in
4,Chhattisgarh,9,3,"ESI Dispensary- Kabir Nagar, Co Sh. Amit Tiwari, Quarter No. HDD-276, Housing Board Colony, Kabir Nagar, Phase-III, Raipur","8889294635, 9993453548",60771008-9-10,disp[hyphen]kabirnagar[dot]cg[at]esic[dot]nic[dot]in
4,Chhattisgarh,9,4,"ESI Dispensary- Fafadih, Jetwa Building, Opp. State Bank of India, Above Kamra Medical, Bilaspur Road Fafadih, Raipur (CG) 492001",9713861868,60771001/2/3,disp[hyphen]fafadih[dot]ch[at]esic[dot]nic[dot]in
4,Chhattisgarh,9,5,"ESI Dispensary- Baikunth, Tilda, House of Doman Prasad Joshi, Near Railway Station chowk, Baikunth, Tilda, Raipur CG",8871223320,0000000,disp[hyphen]tilda[dot]cg[at]esic[dot]nic[dot]in
4,Chhattisgarh,9,6,"ESI Dispensary- Mandir Hasoud,House of Shri Raghunath Patel, Near patel Bhawan, Krishna Chouk,Ward No.15, Mandir Hasud, Teh:Arang. Dist Raipur""",9827403102,60771013/14/15,-
4,Chhattisgarh,9,7,"ESI Dispensary - Akaltara Adress Masjid Road, Ward No.-6, Akaltara, District- Janjgir Champa, Chhattisgarh, PIN-495552",07817252018,-,disp[hyphen]akaltara[dot]cg[at]esic[dot]nic[dot]in
4,Chhattisgarh,9,8,"ESIDispensary Sejbahar-Dunda, Near Kali Mandir, Old Dhamtari Road, Dunda,
Sejbahar, Near Kamal Vihar, District- Raipur,",9406034762,-,latikalata19[at]gmail[dot]com
4,Chhattisgarh,9,9,"ESI Dispensary - Rajim-Navapara C/o Shri Najrudhin Rizavi, Raja Colony, Ward No.-02, Near National Public school, Navapara, Rajim
District- Gariyabandh, Chhattisgarh, PIN-493885
""",9993178402,-,-
4,Chhattisgarh,9,10,"ESI Dispensary- Jamul, Infront of Bansal Petrol Pump, Above Variety Tiles, Jamul Road, Bhilai, Dist Durg (CG) PIN-490024",Dr. Samta - 07882997332,0000,disp[hyphen]jamul[dot]cg[at]esic[dot]nic[dot]in
5,Delhi,1,Delhi
5,Delhi,1,1,"Medical Officer Incharge, ESI Dispensary, C-235, Model Town-III, Azadpur, DELHI",011-27242791,-,
5,Delhi,1,2,"Near Vardhman Mall, Sec 7 Dwarka New delhi",01125088415,60011074,disp[hyphen]palamcolony[dot]dl[at]esic[dot]nic[dot]in
5,Delhi,1,3,"JAHANGIRPURI BADLI EXTENSION A-79,Badli Extension, Outer Ring Road, New Delhi",011-27633503,6001103738,disp[hyphen]jahangirpuri[dot]dl[at]esic[dot]nic[dot]in
5,Delhi,1,4,"JAWALAPURI Resettlement Colony, Phase-4,Jawalapuri, New Delhi",011-25267204,60011096,disp[hyphen]jawalapuri[dot]dl[at]esic[dot]nic[dot]in
5,Delhi,1,5,"MADIPUR Pocket-03, Paschim Vihar, Madipur, New Delhi",011-25213796,60011040,disp[hyphen]madipur[dot]dl[at]esic[dot]nic[dot]in
5,Delhi,1,6,"MANGOLPURI Block-O, Mangolpuri, New Delhi",011-27923274,60011076,disp[hyphen]mangolpuri[dot]dl[at]esic[dot]nic[dot]in
5,Delhi,1,7,"NARELA U-103, Vijay Nagar, Narela, New Delhi",011-27285840,60011091,disp[hyphen]narela[dot]dl[at]esic[dot]nic[dot]in
5,Delhi,1,8,"WAZIRPUR Block-A, Wazirpur Industrial Area, Behind Richi Rich Restaurant, New Delhi",011-27375265,60011016,disp[hyphen]wazirpur[dot]dl[at]esic[dot]nic[dot]in
5,Delhi,1,9,"2C-35 C Block, Model Town III, Delhi",01127242791,60011059,disp[hyphen]azadpur[dot]dl[at]esic[dot]nic[dot]in
5,Delhi,1,10,Sarojini Nagar opp Sarojini Nagar DTC Bus Deport,01124671333,60011088,disp[hyphen]factoryroad[dot]dl[at]esic[dot]nic[dot]in
5,Delhi,2,Delhi
5,Delhi,2,1,"Medical Officer Incharge, ESI Dispensary, C-235, Model Town-III, Azadpur, DELHI",011-27242791,-,
5,Delhi,2,2,"Near Vardhman Mall, Sec 7 Dwarka New delhi",01125088415,60011074,disp[hyphen]palamcolony[dot]dl[at]esic[dot]nic[dot]in
5,Delhi,2,3,"JAHANGIRPURI BADLI EXTENSION A-79,Badli Extension, Outer Ring Road, New Delhi",011-27633503,6001103738,disp[hyphen]jahangirpuri[dot]dl[at]esic[dot]nic[dot]in
5,Delhi,2,4,"JAWALAPURI Resettlement Colony, Phase-4,Jawalapuri, New Delhi",011-25267204,60011096,disp[hyphen]jawalapuri[dot]dl[at]esic[dot]nic[dot]in
5,Delhi,2,5,"MADIPUR Pocket-03, Paschim Vihar, Madipur, New Delhi",011-25213796,60011040,disp[hyphen]madipur[dot]dl[at]esic[dot]nic[dot]in
5,Delhi,2,6,"MANGOLPURI Block-O, Mangolpuri, New Delhi",011-27923274,60011076,disp[hyphen]mangolpuri[dot]dl[at]esic[dot]nic[dot]in
5,Delhi,2,7,"NARELA U-103, Vijay Nagar, Narela, New Delhi",011-27285840,60011091,disp[hyphen]narela[dot]dl[at]esic[dot]nic[dot]in
5,Delhi,2,8,"WAZIRPUR Block-A, Wazirpur Industrial Area, Behind Richi Rich Restaurant, New Delhi",011-27375265,60011016,disp[hyphen]wazirpur[dot]dl[at]esic[dot]nic[dot]in
5,Delhi,2,9,"2C-35 C Block, Model Town III, Delhi",01127242791,60011059,disp[hyphen]azadpur[dot]dl[at]esic[dot]nic[dot]in
5,Delhi,2,10,Sarojini Nagar opp Sarojini Nagar DTC Bus Deport,01124671333,60011088,disp[hyphen]factoryroad[dot]dl[at]esic[dot]nic[dot]in
5,Delhi,3,Delhi
5,Delhi,3,1,"Medical Officer Incharge, ESI Dispensary, C-235, Model Town-III, Azadpur, DELHI",011-27242791,-,
5,Delhi,3,2,"Near Vardhman Mall, Sec 7 Dwarka New delhi",01125088415,60011074,disp[hyphen]palamcolony[dot]dl[at]esic[dot]nic[dot]in
5,Delhi,3,3,"JAHANGIRPURI BADLI EXTENSION A-79,Badli Extension, Outer Ring Road, New Delhi",011-27633503,6001103738,disp[hyphen]jahangirpuri[dot]dl[at]esic[dot]nic[dot]in
5,Delhi,3,4,"JAWALAPURI Resettlement Colony, Phase-4,Jawalapuri, New Delhi",011-25267204,60011096,disp[hyphen]jawalapuri[dot]dl[at]esic[dot]nic[dot]in
5,Delhi,3,5,"MADIPUR Pocket-03, Paschim Vihar, Madipur, New Delhi",011-25213796,60011040,disp[hyphen]madipur[dot]dl[at]esic[dot]nic[dot]in
5,Delhi,3,6,"MANGOLPURI Block-O, Mangolpuri, New Delhi",011-27923274,60011076,disp[hyphen]mangolpuri[dot]dl[at]esic[dot]nic[dot]in
5,Delhi,3,7,"NARELA U-103, Vijay Nagar, Narela, New Delhi",011-27285840,60011091,disp[hyphen]narela[dot]dl[at]esic[dot]nic[dot]in
5,Delhi,3,8,"WAZIRPUR Block-A, Wazirpur Industrial Area, Behind Richi Rich Restaurant, New Delhi",011-27375265,60011016,disp[hyphen]wazirpur[dot]dl[at]esic[dot]nic[dot]in
5,Delhi,3,9,"2C-35 C Block, Model Town III, Delhi",01127242791,60011059,disp[hyphen]azadpur[dot]dl[at]esic[dot]nic[dot]in
5,Delhi,3,10,Sarojini Nagar opp Sarojini Nagar DTC Bus Deport,01124671333,60011088,disp[hyphen]factoryroad[dot]dl[at]esic[dot]nic[dot]in
5,Delhi,4,Delhi
5,Delhi,4,1,"Medical Officer Incharge, ESI Dispensary, C-235, Model Town-III, Azadpur, DELHI",011-27242791,-,
5,Delhi,4,2,"Near Vardhman Mall, Sec 7 Dwarka New delhi",01125088415,60011074,disp[hyphen]palamcolony[dot]dl[at]esic[dot]nic[dot]in
5,Delhi,4,3,"JAHANGIRPURI BADLI EXTENSION A-79,Badli Extension, Outer Ring Road, New Delhi",011-27633503,6001103738,disp[hyphen]jahangirpuri[dot]dl[at]esic[dot]nic[dot]in
5,Delhi,4,4,"JAWALAPURI Resettlement Colony, Phase-4,Jawalapuri, New Delhi",011-25267204,60011096,disp[hyphen]jawalapuri[dot]dl[at]esic[dot]nic[dot]in
5,Delhi,4,5,"MADIPUR Pocket-03, Paschim Vihar, Madipur, New Delhi",011-25213796,60011040,disp[hyphen]madipur[dot]dl[at]esic[dot]nic[dot]in
5,Delhi,4,6,"MANGOLPURI Block-O, Mangolpuri, New Delhi",011-27923274,60011076,disp[hyphen]mangolpuri[dot]dl[at]esic[dot]nic[dot]in
5,Delhi,4,7,"NARELA U-103, Vijay Nagar, Narela, New Delhi",011-27285840,60011091,disp[hyphen]narela[dot]dl[at]esic[dot]nic[dot]in
5,Delhi,4,8,"WAZIRPUR Block-A, Wazirpur Industrial Area, Behind Richi Rich Restaurant, New Delhi",011-27375265,60011016,disp[hyphen]wazirpur[dot]dl[at]esic[dot]nic[dot]in
5,Delhi,4,9,"2C-35 C Block, Model Town III, Delhi",01127242791,60011059,disp[hyphen]azadpur[dot]dl[at]esic[dot]nic[dot]in
5,Delhi,4,10,Sarojini Nagar opp Sarojini Nagar DTC Bus Deport,01124671333,60011088,disp[hyphen]factoryroad[dot]dl[at]esic[dot]nic[dot]in
5,Delhi,5,Delhi
5,Delhi,5,1,"Medical Officer Incharge, ESI Dispensary, C-235, Model Town-III, Azadpur, DELHI",011-27242791,-,
5,Delhi,5,2,"Near Vardhman Mall, Sec 7 Dwarka New delhi",01125088415,60011074,disp[hyphen]palamcolony[dot]dl[at]esic[dot]nic[dot]in
5,Delhi,5,3,"JAHANGIRPURI BADLI EXTENSION A-79,Badli Extension, Outer Ring Road, New Delhi",011-27633503,6001103738,disp[hyphen]jahangirpuri[dot]dl[at]esic[dot]nic[dot]in
5,Delhi,5,4,"JAWALAPURI Resettlement Colony, Phase-4,Jawalapuri, New Delhi",011-25267204,60011096,disp[hyphen]jawalapuri[dot]dl[at]esic[dot]nic[dot]in
5,Delhi,5,5,"MADIPUR Pocket-03, Paschim Vihar, Madipur, New Delhi",011-25213796,60011040,disp[hyphen]madipur[dot]dl[at]esic[dot]nic[dot]in
5,Delhi,5,6,"MANGOLPURI Block-O, Mangolpuri, New Delhi",011-27923274,60011076,disp[hyphen]mangolpuri[dot]dl[at]esic[dot]nic[dot]in
5,Delhi,5,7,"NARELA U-103, Vijay Nagar, Narela, New Delhi",011-27285840,60011091,disp[hyphen]narela[dot]dl[at]esic[dot]nic[dot]in
5,Delhi,5,8,"WAZIRPUR Block-A, Wazirpur Industrial Area, Behind Richi Rich Restaurant, New Delhi",011-27375265,60011016,disp[hyphen]wazirpur[dot]dl[at]esic[dot]nic[dot]in
5,Delhi,5,9,"2C-35 C Block, Model Town III, Delhi",01127242791,60011059,disp[hyphen]azadpur[dot]dl[at]esic[dot]nic[dot]in
5,Delhi,5,10,Sarojini Nagar opp Sarojini Nagar DTC Bus Deport,01124671333,60011088,disp[hyphen]factoryroad[dot]dl[at]esic[dot]nic[dot]in
6,Goa,1,Goa
6,Goa,1,1,"ESI Dispensary,GIDC Admn. Building, 1st Floor, Industrial Estate,  Kundaim, Goa-403115",0832-2395165,60832024,disp[hyphen]kundaim[dot]goa[at]esic[dot]nic[dot]in
6,Goa,1,2,"ESI Dispensary, Curchorem,H. No. 679B Karmali building, Bepquegal, Curchorem, Goa, 403706",0832-2650413,60832001,disp[hyphen]curchorem[dot]goa[at]esic[dot]nic[dot]in
6,Goa,1,3,"ESI Dispensary, Vasco-da-Gama, First Floor, Dr. Ozler Forum Building, Near St. Andrew Church, Vasco-da-Gama, Goa, 403802",0832-2512260,68345001,disp[hyphen]vasco[dot]goa[at]esic[dot]nic[dot]in
6,Goa,1,4,"ESI Dispensary, Bicholim, Plot No-112 Industrial Estate, Bicholim, Goa, 403529",0832-2362480,60832011,disp[hyphen]bicholim[dot]goa[at]esic[dot]nic[dot]in
6,Goa,1,5,"ESI Dispensary, Ponda, Shop No-80, Commerce Centre, Ponda, Goa, 403401",0832-2314399,60832005,disp[hyphen]ponda[dot]goa[at]esic[dot]nic[dot]in
6,Goa,1,6,"ESI Dispensary, Sancoale, P-72 Industrial Estate, Sancoale, 403710",0832-2555372,60832021,disp[hyphen]sancoale[dot]goa[at]esic[dot]nic[dot]in
6,Goa,1,7,"ESI Dispensary, Mapusa, GIDC Building, 1st Floor, Industrial Estate Dattawadi, Mapusa, Goa, 403507",0832-2265375,60832012,disp[hyphen]mapusa[dot]goa[at]esic[dot]nic[dot]in
6,Goa,1,8,"ESI Dispensary, Margao, TYPE IV Quarters ESI Hospital Complex, Near Rajendra Prasad Stadium, Margao, Goa, 403601",0832-2735819,68342003,disp[hyphen]margao[dot]goa[at]esic[dot]nic[dot]in
6,Goa,1,9,"ESI Dispensary, Corlim, Plot No. 1, Corlim Industrial Estate, Corlim, Ilhas, Goa, 403110",0832-2285624,60832028,disp[hyphen]corlim[dot]goa[at]esic[dot]nic[dot]in
6,Goa,1,10,"ESI Dispensary, First Floor, ESI Corporation, Panchdeep Bhawan EDC Plot No.23, Patto Plaza, Panaji, Goa-403001",0832-2423950,60832017,disp[hyphen]panaji[dot]goa[at]esic[dot]nic[dot]in
6,Goa,2,Goa
6,Goa,2,1,"ESI Dispensary,GIDC Admn. Building, 1st Floor, Industrial Estate,  Kundaim, Goa-403115",0832-2395165,60832024,disp[hyphen]kundaim[dot]goa[at]esic[dot]nic[dot]in
6,Goa,2,2,"ESI Dispensary, Curchorem,H. No. 679B Karmali building, Bepquegal, Curchorem, Goa, 403706",0832-2650413,60832001,disp[hyphen]curchorem[dot]goa[at]esic[dot]nic[dot]in
6,Goa,2,3,"ESI Dispensary, Vasco-da-Gama, First Floor, Dr. Ozler Forum Building, Near St. Andrew Church, Vasco-da-Gama, Goa, 403802",0832-2512260,68345001,disp[hyphen]vasco[dot]goa[at]esic[dot]nic[dot]in
6,Goa,2,4,"ESI Dispensary, Bicholim, Plot No-112 Industrial Estate, Bicholim, Goa, 403529",0832-2362480,60832011,disp[hyphen]bicholim[dot]goa[at]esic[dot]nic[dot]in
6,Goa,2,5,"ESI Dispensary, Ponda, Shop No-80, Commerce Centre, Ponda, Goa, 403401",0832-2314399,60832005,disp[hyphen]ponda[dot]goa[at]esic[dot]nic[dot]in
6,Goa,2,6,"ESI Dispensary, Sancoale, P-72 Industrial Estate, Sancoale, 403710",0832-2555372,60832021,disp[hyphen]sancoale[dot]goa[at]esic[dot]nic[dot]in
6,Goa,2,7,"ESI Dispensary, Mapusa, GIDC Building, 1st Floor, Industrial Estate Dattawadi, Mapusa, Goa, 403507",0832-2265375,60832012,disp[hyphen]mapusa[dot]goa[at]esic[dot]nic[dot]in
6,Goa,2,8,"ESI Dispensary, Margao, TYPE IV Quarters ESI Hospital Complex, Near Rajendra Prasad Stadium, Margao, Goa, 403601",0832-2735819,68342003,disp[hyphen]margao[dot]goa[at]esic[dot]nic[dot]in
6,Goa,2,9,"ESI Dispensary, Corlim, Plot No. 1, Corlim Industrial Estate, Corlim, Ilhas, Goa, 403110",0832-2285624,60832028,disp[hyphen]corlim[dot]goa[at]esic[dot]nic[dot]in
6,Goa,2,10,"ESI Dispensary, First Floor, ESI Corporation, Panchdeep Bhawan EDC Plot No.23, Patto Plaza, Panaji, Goa-403001",0832-2423950,60832017,disp[hyphen]panaji[dot]goa[at]esic[dot]nic[dot]in
6,Goa,3,Goa
6,Goa,3,1,"ESI Dispensary,GIDC Admn. Building, 1st Floor, Industrial Estate,  Kundaim, Goa-403115",0832-2395165,60832024,disp[hyphen]kundaim[dot]goa[at]esic[dot]nic[dot]in
6,Goa,3,2,"ESI Dispensary, Curchorem,H. No. 679B Karmali building, Bepquegal, Curchorem, Goa, 403706",0832-2650413,60832001,disp[hyphen]curchorem[dot]goa[at]esic[dot]nic[dot]in
6,Goa,3,3,"ESI Dispensary, Vasco-da-Gama, First Floor, Dr. Ozler Forum Building, Near St. Andrew Church, Vasco-da-Gama, Goa, 403802",0832-2512260,68345001,disp[hyphen]vasco[dot]goa[at]esic[dot]nic[dot]in
6,Goa,3,4,"ESI Dispensary, Bicholim, Plot No-112 Industrial Estate, Bicholim, Goa, 403529",0832-2362480,60832011,disp[hyphen]bicholim[dot]goa[at]esic[dot]nic[dot]in
6,Goa,3,5,"ESI Dispensary, Ponda, Shop No-80, Commerce Centre, Ponda, Goa, 403401",0832-2314399,60832005,disp[hyphen]ponda[dot]goa[at]esic[dot]nic[dot]in
6,Goa,3,6,"ESI Dispensary, Sancoale, P-72 Industrial Estate, Sancoale, 403710",0832-2555372,60832021,disp[hyphen]sancoale[dot]goa[at]esic[dot]nic[dot]in
6,Goa,3,7,"ESI Dispensary, Mapusa, GIDC Building, 1st Floor, Industrial Estate Dattawadi, Mapusa, Goa, 403507",0832-2265375,60832012,disp[hyphen]mapusa[dot]goa[at]esic[dot]nic[dot]in
6,Goa,3,8,"ESI Dispensary, Margao, TYPE IV Quarters ESI Hospital Complex, Near Rajendra Prasad Stadium, Margao, Goa, 403601",0832-2735819,68342003,disp[hyphen]margao[dot]goa[at]esic[dot]nic[dot]in
6,Goa,3,9,"ESI Dispensary, Corlim, Plot No. 1, Corlim Industrial Estate, Corlim, Ilhas, Goa, 403110",0832-2285624,60832028,disp[hyphen]corlim[dot]goa[at]esic[dot]nic[dot]in
6,Goa,3,10,"ESI Dispensary, First Floor, ESI Corporation, Panchdeep Bhawan EDC Plot No.23, Patto Plaza, Panaji, Goa-403001",0832-2423950,60832017,disp[hyphen]panaji[dot]goa[at]esic[dot]nic[dot]in
7,Gujarat,1,Gujarat
7,Gujarat,1,1,"ESI Dispensary Kashiwishwanath, 
SRO Compound, Opp. VINS Hospital, Near Govardhannath Haweli, BPC Road, Alkapuri, Vadodara",0265-2358029,60265019-20-21,disp[hyphen]baroda1[dot]gj[at]esic[dot]nic[dot]in
7,Gujarat,1,2,"ESI Dispensary, D-1 Acher Sabarmati, Ahmedabad",079- 27506936,60079085-87,disp[hyphen]ahmedabad1[dot]gj[at]esic[dot]nic[dot]in
7,Gujarat,1,3,"ESI Dispensary, D2-Ahmedabad Vadaj , Red Cross Society Building, Old Vadaj",079-27557100,60079016-18,disp[hyphen]ahmedabad2[dot]gj[at]esic[dot]nic[dot]in
7,Gujarat,1,4,"ESI Dispensary, D-358 Ahmedabad, Near Dariyapur Darwaja,Ahmedabad",079-22135163,60079022-24,disp[hyphen]ahmedabad5[dot]gj[at]esic[dot]nic[dot]in
7,Gujarat,1,5,"ESI Dispensary, D-4,Nr. Bombay Gaurage, Nr. Shahibaugh Under Bridge, Shahibag, Ahmedabad",079-25621243,60079082-84,disp[hyphen]ahmedabad4[dot]gj[at]esic[dot]nic[dot]in
7,Gujarat,1,6,"ESI Dispensary, D-6, BH Mun. School, Girdharnagar, Ahmedabad",079-22868014,60079100-02,disp[hyphen]ahmedabad6[dot]gj[at]esic[dot]nic[dot]in
7,Gujarat,1,7,"ESI Dispensary, D-79, E.S.I.S. Balia Limdi, Near Punjab Petrol Pump, Asarwa, Ahmedabad",079-22136232,60079049-51,disp[hyphen]ahmedabad7[dot]gj[at]esic[dot]nic[dot]in
7,Gujarat,1,8,"D-10 , ESIS,BH RAMNAGAR SOCIETY, OLD CHAMANPRA, ASARWA, AHMEDABAD PIN-380016",079-22682663,60079073-75,disp[hyphen]ahmedabad10[dot]gj[at]esic[dot]nic[dot]in
7,Gujarat,1,9,"ESI Dispensary, D-11, Kalapinagar Housing board Coloney, Kalapinagar Last Bus stop, Asarwa, Ahmedabad-380016",079-22683104,60079046-48,disp[hyphen]ahmedabad11[dot]gj[at]esic[dot]nic[dot]in
7,Gujarat,1,10,"D-12,New Mental Hosp., Meghaninagar, Ahmedabad",079-22680669,60079121-23,disp[hyphen]ahmedabad12[dot]gj[at]esic[dot]nic[dot]in
7,Gujarat,2,Gujarat
7,Gujarat,2,1,"ESI Dispensary Kashiwishwanath, 
SRO Compound, Opp. VINS Hospital, Near Govardhannath Haweli, BPC Road, Alkapuri, Vadodara",0265-2358029,60265019-20-21,disp[hyphen]baroda1[dot]gj[at]esic[dot]nic[dot]in
7,Gujarat,2,2,"ESI Dispensary, D-1 Acher Sabarmati, Ahmedabad",079- 27506936,60079085-87,disp[hyphen]ahmedabad1[dot]gj[at]esic[dot]nic[dot]in
7,Gujarat,2,3,"ESI Dispensary, D2-Ahmedabad Vadaj , Red Cross Society Building, Old Vadaj",079-27557100,60079016-18,disp[hyphen]ahmedabad2[dot]gj[at]esic[dot]nic[dot]in
7,Gujarat,2,4,"ESI Dispensary, D-358 Ahmedabad, Near Dariyapur Darwaja,Ahmedabad",079-22135163,60079022-24,disp[hyphen]ahmedabad5[dot]gj[at]esic[dot]nic[dot]in
7,Gujarat,2,5,"ESI Dispensary, D-4,Nr. Bombay Gaurage, Nr. Shahibaugh Under Bridge, Shahibag, Ahmedabad",079-25621243,60079082-84,disp[hyphen]ahmedabad4[dot]gj[at]esic[dot]nic[dot]in
7,Gujarat,2,6,"ESI Dispensary, D-6, BH Mun. School, Girdharnagar, Ahmedabad",079-22868014,60079100-02,disp[hyphen]ahmedabad6[dot]gj[at]esic[dot]nic[dot]in
7,Gujarat,2,7,"ESI Dispensary, D-79, E.S.I.S. Balia Limdi, Near Punjab Petrol Pump, Asarwa, Ahmedabad",079-22136232,60079049-51,disp[hyphen]ahmedabad7[dot]gj[at]esic[dot]nic[dot]in
7,Gujarat,2,8,"D-10 , ESIS,BH RAMNAGAR SOCIETY, OLD CHAMANPRA, ASARWA, AHMEDABAD PIN-380016",079-22682663,60079073-75,disp[hyphen]ahmedabad10[dot]gj[at]esic[dot]nic[dot]in
7,Gujarat,2,9,"ESI Dispensary, D-11, Kalapinagar Housing board Coloney, Kalapinagar Last Bus stop, Asarwa, Ahmedabad-380016",079-22683104,60079046-48,disp[hyphen]ahmedabad11[dot]gj[at]esic[dot]nic[dot]in
7,Gujarat,2,10,"D-12,New Mental Hosp., Meghaninagar, Ahmedabad",079-22680669,60079121-23,disp[hyphen]ahmedabad12[dot]gj[at]esic[dot]nic[dot]in
7,Gujarat,3,Gujarat
7,Gujarat,3,1,"ESI Dispensary Kashiwishwanath, 
SRO Compound, Opp. VINS Hospital, Near Govardhannath Haweli, BPC Road, Alkapuri, Vadodara",0265-2358029,60265019-20-21,disp[hyphen]baroda1[dot]gj[at]esic[dot]nic[dot]in
7,Gujarat,3,2,"ESI Dispensary, D-1 Acher Sabarmati, Ahmedabad",079- 27506936,60079085-87,disp[hyphen]ahmedabad1[dot]gj[at]esic[dot]nic[dot]in
7,Gujarat,3,3,"ESI Dispensary, D2-Ahmedabad Vadaj , Red Cross Society Building, Old Vadaj",079-27557100,60079016-18,disp[hyphen]ahmedabad2[dot]gj[at]esic[dot]nic[dot]in
7,Gujarat,3,4,"ESI Dispensary, D-358 Ahmedabad, Near Dariyapur Darwaja,Ahmedabad",079-22135163,60079022-24,disp[hyphen]ahmedabad5[dot]gj[at]esic[dot]nic[dot]in
7,Gujarat,3,5,"ESI Dispensary, D-4,Nr. Bombay Gaurage, Nr. Shahibaugh Under Bridge, Shahibag, Ahmedabad",079-25621243,60079082-84,disp[hyphen]ahmedabad4[dot]gj[at]esic[dot]nic[dot]in
7,Gujarat,3,6,"ESI Dispensary, D-6, BH Mun. School, Girdharnagar, Ahmedabad",079-22868014,60079100-02,disp[hyphen]ahmedabad6[dot]gj[at]esic[dot]nic[dot]in
7,Gujarat,3,7,"ESI Dispensary, D-79, E.S.I.S. Balia Limdi, Near Punjab Petrol Pump, Asarwa, Ahmedabad",079-22136232,60079049-51,disp[hyphen]ahmedabad7[dot]gj[at]esic[dot]nic[dot]in
7,Gujarat,3,8,"D-10 , ESIS,BH RAMNAGAR SOCIETY, OLD CHAMANPRA, ASARWA, AHMEDABAD PIN-380016",079-22682663,60079073-75,disp[hyphen]ahmedabad10[dot]gj[at]esic[dot]nic[dot]in
7,Gujarat,3,9,"ESI Dispensary, D-11, Kalapinagar Housing board Coloney, Kalapinagar Last Bus stop, Asarwa, Ahmedabad-380016",079-22683104,60079046-48,disp[hyphen]ahmedabad11[dot]gj[at]esic[dot]nic[dot]in
7,Gujarat,3,10,"D-12,New Mental Hosp., Meghaninagar, Ahmedabad",079-22680669,60079121-23,disp[hyphen]ahmedabad12[dot]gj[at]esic[dot]nic[dot]in
7,Gujarat,4,Gujarat
7,Gujarat,4,1,"ESI Dispensary Kashiwishwanath, 
SRO Compound, Opp. VINS Hospital, Near Govardhannath Haweli, BPC Road, Alkapuri, Vadodara",0265-2358029,60265019-20-21,disp[hyphen]baroda1[dot]gj[at]esic[dot]nic[dot]in
7,Gujarat,4,2,"ESI Dispensary, D-1 Acher Sabarmati, Ahmedabad",079- 27506936,60079085-87,disp[hyphen]ahmedabad1[dot]gj[at]esic[dot]nic[dot]in
7,Gujarat,4,3,"ESI Dispensary, D2-Ahmedabad Vadaj , Red Cross Society Building, Old Vadaj",079-27557100,60079016-18,disp[hyphen]ahmedabad2[dot]gj[at]esic[dot]nic[dot]in
7,Gujarat,4,4,"ESI Dispensary, D-358 Ahmedabad, Near Dariyapur Darwaja,Ahmedabad",079-22135163,60079022-24,disp[hyphen]ahmedabad5[dot]gj[at]esic[dot]nic[dot]in
7,Gujarat,4,5,"ESI Dispensary, D-4,Nr. Bombay Gaurage, Nr. Shahibaugh Under Bridge, Shahibag, Ahmedabad",079-25621243,60079082-84,disp[hyphen]ahmedabad4[dot]gj[at]esic[dot]nic[dot]in
7,Gujarat,4,6,"ESI Dispensary, D-6, BH Mun. School, Girdharnagar, Ahmedabad",079-22868014,60079100-02,disp[hyphen]ahmedabad6[dot]gj[at]esic[dot]nic[dot]in
7,Gujarat,4,7,"ESI Dispensary, D-79, E.S.I.S. Balia Limdi, Near Punjab Petrol Pump, Asarwa, Ahmedabad",079-22136232,60079049-51,disp[hyphen]ahmedabad7[dot]gj[at]esic[dot]nic[dot]in
7,Gujarat,4,8,"D-10 , ESIS,BH RAMNAGAR SOCIETY, OLD CHAMANPRA, ASARWA, AHMEDABAD PIN-380016",079-22682663,60079073-75,disp[hyphen]ahmedabad10[dot]gj[at]esic[dot]nic[dot]in
7,Gujarat,4,9,"ESI Dispensary, D-11, Kalapinagar Housing board Coloney, Kalapinagar Last Bus stop, Asarwa, Ahmedabad-380016",079-22683104,60079046-48,disp[hyphen]ahmedabad11[dot]gj[at]esic[dot]nic[dot]in
7,Gujarat,4,10,"D-12,New Mental Hosp., Meghaninagar, Ahmedabad",079-22680669,60079121-23,disp[hyphen]ahmedabad12[dot]gj[at]esic[dot]nic[dot]in
7,Gujarat,5,Gujarat
7,Gujarat,5,1,"ESI Dispensary Kashiwishwanath, 
SRO Compound, Opp. VINS Hospital, Near Govardhannath Haweli, BPC Road, Alkapuri, Vadodara",0265-2358029,60265019-20-21,disp[hyphen]baroda1[dot]gj[at]esic[dot]nic[dot]in
7,Gujarat,5,2,"ESI Dispensary, D-1 Acher Sabarmati, Ahmedabad",079- 27506936,60079085-87,disp[hyphen]ahmedabad1[dot]gj[at]esic[dot]nic[dot]in
7,Gujarat,5,3,"ESI Dispensary, D2-Ahmedabad Vadaj , Red Cross Society Building, Old Vadaj",079-27557100,60079016-18,disp[hyphen]ahmedabad2[dot]gj[at]esic[dot]nic[dot]in
7,Gujarat,5,4,"ESI Dispensary, D-358 Ahmedabad, Near Dariyapur Darwaja,Ahmedabad",079-22135163,60079022-24,disp[hyphen]ahmedabad5[dot]gj[at]esic[dot]nic[dot]in
7,Gujarat,5,5,"ESI Dispensary, D-4,Nr. Bombay Gaurage, Nr. Shahibaugh Under Bridge, Shahibag, Ahmedabad",079-25621243,60079082-84,disp[hyphen]ahmedabad4[dot]gj[at]esic[dot]nic[dot]in
7,Gujarat,5,6,"ESI Dispensary, D-6, BH Mun. School, Girdharnagar, Ahmedabad",079-22868014,60079100-02,disp[hyphen]ahmedabad6[dot]gj[at]esic[dot]nic[dot]in
7,Gujarat,5,7,"ESI Dispensary, D-79, E.S.I.S. Balia Limdi, Near Punjab Petrol Pump, Asarwa, Ahmedabad",079-22136232,60079049-51,disp[hyphen]ahmedabad7[dot]gj[at]esic[dot]nic[dot]in
7,Gujarat,5,8,"D-10 , ESIS,BH RAMNAGAR SOCIETY, OLD CHAMANPRA, ASARWA, AHMEDABAD PIN-380016",079-22682663,60079073-75,disp[hyphen]ahmedabad10[dot]gj[at]esic[dot]nic[dot]in
7,Gujarat,5,9,"ESI Dispensary, D-11, Kalapinagar Housing board Coloney, Kalapinagar Last Bus stop, Asarwa, Ahmedabad-380016",079-22683104,60079046-48,disp[hyphen]ahmedabad11[dot]gj[at]esic[dot]nic[dot]in
7,Gujarat,5,10,"D-12,New Mental Hosp., Meghaninagar, Ahmedabad",079-22680669,60079121-23,disp[hyphen]ahmedabad12[dot]gj[at]esic[dot]nic[dot]in
7,Gujarat,6,Gujarat
7,Gujarat,6,1,"ESI Dispensary Kashiwishwanath, 
SRO Compound, Opp. VINS Hospital, Near Govardhannath Haweli, BPC Road, Alkapuri, Vadodara",0265-2358029,60265019-20-21,disp[hyphen]baroda1[dot]gj[at]esic[dot]nic[dot]in
7,Gujarat,6,2,"ESI Dispensary, D-1 Acher Sabarmati, Ahmedabad",079- 27506936,60079085-87,disp[hyphen]ahmedabad1[dot]gj[at]esic[dot]nic[dot]in
7,Gujarat,6,3,"ESI Dispensary, D2-Ahmedabad Vadaj , Red Cross Society Building, Old Vadaj",079-27557100,60079016-18,disp[hyphen]ahmedabad2[dot]gj[at]esic[dot]nic[dot]in
7,Gujarat,6,4,"ESI Dispensary, D-358 Ahmedabad, Near Dariyapur Darwaja,Ahmedabad",079-22135163,60079022-24,disp[hyphen]ahmedabad5[dot]gj[at]esic[dot]nic[dot]in
7,Gujarat,6,5,"ESI Dispensary, D-4,Nr. Bombay Gaurage, Nr. Shahibaugh Under Bridge, Shahibag, Ahmedabad",079-25621243,60079082-84,disp[hyphen]ahmedabad4[dot]gj[at]esic[dot]nic[dot]in
7,Gujarat,6,6,"ESI Dispensary, D-6, BH Mun. School, Girdharnagar, Ahmedabad",079-22868014,60079100-02,disp[hyphen]ahmedabad6[dot]gj[at]esic[dot]nic[dot]in
7,Gujarat,6,7,"ESI Dispensary, D-79, E.S.I.S. Balia Limdi, Near Punjab Petrol Pump, Asarwa, Ahmedabad",079-22136232,60079049-51,disp[hyphen]ahmedabad7[dot]gj[at]esic[dot]nic[dot]in
7,Gujarat,6,8,"D-10 , ESIS,BH RAMNAGAR SOCIETY, OLD CHAMANPRA, ASARWA, AHMEDABAD PIN-380016",079-22682663,60079073-75,disp[hyphen]ahmedabad10[dot]gj[at]esic[dot]nic[dot]in
7,Gujarat,6,9,"ESI Dispensary, D-11, Kalapinagar Housing board Coloney, Kalapinagar Last Bus stop, Asarwa, Ahmedabad-380016",079-22683104,60079046-48,disp[hyphen]ahmedabad11[dot]gj[at]esic[dot]nic[dot]in
7,Gujarat,6,10,"D-12,New Mental Hosp., Meghaninagar, Ahmedabad",079-22680669,60079121-23,disp[hyphen]ahmedabad12[dot]gj[at]esic[dot]nic[dot]in
7,Gujarat,7,Gujarat
7,Gujarat,7,1,"ESI Dispensary Kashiwishwanath, 
SRO Compound, Opp. VINS Hospital, Near Govardhannath Haweli, BPC Road, Alkapuri, Vadodara",0265-2358029,60265019-20-21,disp[hyphen]baroda1[dot]gj[at]esic[dot]nic[dot]in
7,Gujarat,7,2,"ESI Dispensary, D-1 Acher Sabarmati, Ahmedabad",079- 27506936,60079085-87,disp[hyphen]ahmedabad1[dot]gj[at]esic[dot]nic[dot]in
7,Gujarat,7,3,"ESI Dispensary, D2-Ahmedabad Vadaj , Red Cross Society Building, Old Vadaj",079-27557100,60079016-18,disp[hyphen]ahmedabad2[dot]gj[at]esic[dot]nic[dot]in
7,Gujarat,7,4,"ESI Dispensary, D-358 Ahmedabad, Near Dariyapur Darwaja,Ahmedabad",079-22135163,60079022-24,disp[hyphen]ahmedabad5[dot]gj[at]esic[dot]nic[dot]in
7,Gujarat,7,5,"ESI Dispensary, D-4,Nr. Bombay Gaurage, Nr. Shahibaugh Under Bridge, Shahibag, Ahmedabad",079-25621243,60079082-84,disp[hyphen]ahmedabad4[dot]gj[at]esic[dot]nic[dot]in
7,Gujarat,7,6,"ESI Dispensary, D-6, BH Mun. School, Girdharnagar, Ahmedabad",079-22868014,60079100-02,disp[hyphen]ahmedabad6[dot]gj[at]esic[dot]nic[dot]in
7,Gujarat,7,7,"ESI Dispensary, D-79, E.S.I.S. Balia Limdi, Near Punjab Petrol Pump, Asarwa, Ahmedabad",079-22136232,60079049-51,disp[hyphen]ahmedabad7[dot]gj[at]esic[dot]nic[dot]in
7,Gujarat,7,8,"D-10 , ESIS,BH RAMNAGAR SOCIETY, OLD CHAMANPRA, ASARWA, AHMEDABAD PIN-380016",079-22682663,60079073-75,disp[hyphen]ahmedabad10[dot]gj[at]esic[dot]nic[dot]in
7,Gujarat,7,9,"ESI Dispensary, D-11, Kalapinagar Housing board Coloney, Kalapinagar Last Bus stop, Asarwa, Ahmedabad-380016",079-22683104,60079046-48,disp[hyphen]ahmedabad11[dot]gj[at]esic[dot]nic[dot]in
7,Gujarat,7,10,"D-12,New Mental Hosp., Meghaninagar, Ahmedabad",079-22680669,60079121-23,disp[hyphen]ahmedabad12[dot]gj[at]esic[dot]nic[dot]in
7,Gujarat,8,Gujarat
7,Gujarat,8,1,"ESI Dispensary Kashiwishwanath, 
SRO Compound, Opp. VINS Hospital, Near Govardhannath Haweli, BPC Road, Alkapuri, Vadodara",0265-2358029,60265019-20-21,disp[hyphen]baroda1[dot]gj[at]esic[dot]nic[dot]in
7,Gujarat,8,2,"ESI Dispensary, D-1 Acher Sabarmati, Ahmedabad",079- 27506936,60079085-87,disp[hyphen]ahmedabad1[dot]gj[at]esic[dot]nic[dot]in
7,Gujarat,8,3,"ESI Dispensary, D2-Ahmedabad Vadaj , Red Cross Society Building, Old Vadaj",079-27557100,60079016-18,disp[hyphen]ahmedabad2[dot]gj[at]esic[dot]nic[dot]in
7,Gujarat,8,4,"ESI Dispensary, D-358 Ahmedabad, Near Dariyapur Darwaja,Ahmedabad",079-22135163,60079022-24,disp[hyphen]ahmedabad5[dot]gj[at]esic[dot]nic[dot]in
7,Gujarat,8,5,"ESI Dispensary, D-4,Nr. Bombay Gaurage, Nr. Shahibaugh Under Bridge, Shahibag, Ahmedabad",079-25621243,60079082-84,disp[hyphen]ahmedabad4[dot]gj[at]esic[dot]nic[dot]in
7,Gujarat,8,6,"ESI Dispensary, D-6, BH Mun. School, Girdharnagar, Ahmedabad",079-22868014,60079100-02,disp[hyphen]ahmedabad6[dot]gj[at]esic[dot]nic[dot]in
7,Gujarat,8,7,"ESI Dispensary, D-79, E.S.I.S. Balia Limdi, Near Punjab Petrol Pump, Asarwa, Ahmedabad",079-22136232,60079049-51,disp[hyphen]ahmedabad7[dot]gj[at]esic[dot]nic[dot]in
7,Gujarat,8,8,"D-10 , ESIS,BH RAMNAGAR SOCIETY, OLD CHAMANPRA, ASARWA, AHMEDABAD PIN-380016",079-22682663,60079073-75,disp[hyphen]ahmedabad10[dot]gj[at]esic[dot]nic[dot]in
7,Gujarat,8,9,"ESI Dispensary, D-11, Kalapinagar Housing board Coloney, Kalapinagar Last Bus stop, Asarwa, Ahmedabad-380016",079-22683104,60079046-48,disp[hyphen]ahmedabad11[dot]gj[at]esic[dot]nic[dot]in
7,Gujarat,8,10,"D-12,New Mental Hosp., Meghaninagar, Ahmedabad",079-22680669,60079121-23,disp[hyphen]ahmedabad12[dot]gj[at]esic[dot]nic[dot]in
7,Gujarat,9,Gujarat
7,Gujarat,9,1,"ESI Dispensary Kashiwishwanath, 
SRO Compound, Opp. VINS Hospital, Near Govardhannath Haweli, BPC Road, Alkapuri, Vadodara",0265-2358029,60265019-20-21,disp[hyphen]baroda1[dot]gj[at]esic[dot]nic[dot]in
7,Gujarat,9,2,"ESI Dispensary, D-1 Acher Sabarmati, Ahmedabad",079- 27506936,60079085-87,disp[hyphen]ahmedabad1[dot]gj[at]esic[dot]nic[dot]in
7,Gujarat,9,3,"ESI Dispensary, D2-Ahmedabad Vadaj , Red Cross Society Building, Old Vadaj",079-27557100,60079016-18,disp[hyphen]ahmedabad2[dot]gj[at]esic[dot]nic[dot]in
7,Gujarat,9,4,"ESI Dispensary, D-358 Ahmedabad, Near Dariyapur Darwaja,Ahmedabad",079-22135163,60079022-24,disp[hyphen]ahmedabad5[dot]gj[at]esic[dot]nic[dot]in
7,Gujarat,9,5,"ESI Dispensary, D-4,Nr. Bombay Gaurage, Nr. Shahibaugh Under Bridge, Shahibag, Ahmedabad",079-25621243,60079082-84,disp[hyphen]ahmedabad4[dot]gj[at]esic[dot]nic[dot]in
7,Gujarat,9,6,"ESI Dispensary, D-6, BH Mun. School, Girdharnagar, Ahmedabad",079-22868014,60079100-02,disp[hyphen]ahmedabad6[dot]gj[at]esic[dot]nic[dot]in
7,Gujarat,9,7,"ESI Dispensary, D-79, E.S.I.S. Balia Limdi, Near Punjab Petrol Pump, Asarwa, Ahmedabad",079-22136232,60079049-51,disp[hyphen]ahmedabad7[dot]gj[at]esic[dot]nic[dot]in
7,Gujarat,9,8,"D-10 , ESIS,BH RAMNAGAR SOCIETY, OLD CHAMANPRA, ASARWA, AHMEDABAD PIN-380016",079-22682663,60079073-75,disp[hyphen]ahmedabad10[dot]gj[at]esic[dot]nic[dot]in
7,Gujarat,9,9,"ESI Dispensary, D-11, Kalapinagar Housing board Coloney, Kalapinagar Last Bus stop, Asarwa, Ahmedabad-380016",079-22683104,60079046-48,disp[hyphen]ahmedabad11[dot]gj[at]esic[dot]nic[dot]in
7,Gujarat,9,10,"D-12,New Mental Hosp., Meghaninagar, Ahmedabad",079-22680669,60079121-23,disp[hyphen]ahmedabad12[dot]gj[at]esic[dot]nic[dot]in
8,Haryana,1,Haryana
8,Haryana,1,1,"ESI Dispensary, Ward no. 6, Cloth Market, Ambala City - 134003",0171-2511883,0171-2511883,-
8,Haryana,1,2,"ESI Dispensary, H No. 238, Near Tendar Heart School, Mahesh Nagar,Ambala Cantt. - 133001",0171-2556768,0171-2556768,-
8,Haryana,1,3,"ESI Dispensary, Dhulkot, Old Nursing Hostel, Palika Bazar, Ambala City - 134003",0171-2662450,0171-2662450,-
8,Haryana,1,4,"Naichana Road, Near Vishav Bharti school, bawal-1235001",01284-261940,01284-261940,-
8,Haryana,1,5,"Disp no-1 , Mela Ground , near railway station, bhiwani-127021",01664-242913,01664-242913,-
8,Haryana,1,6,"Disp no-2 , Mela Ground , near railway station, bhiwani-127021",01664-242913,01664-242913,-
8,Haryana,1,7,"Disp no-3 , Sec-21 , Ind Area, Bhiwani-127021",9991999402,9991999402,-
8,Haryana,1,8,ESI Disp No.1 Dharuhera Near Tehsil Dharuhera-123106,9466782892,9466782892,-
8,Haryana,1,9,"ESI dispensary, No.3 , NH-3 Near Machli Market, Faridabad - 121001",8178233709,8178233709,-
8,Haryana,1,10,"ESI dispensary , Tigaon , near Peer Majzid Aadhana Patti-121101",7838234970,7838234970,-
8,Haryana,2,Haryana
8,Haryana,2,1,"ESI Dispensary, Ward no. 6, Cloth Market, Ambala City - 134003",0171-2511883,0171-2511883,-
8,Haryana,2,2,"ESI Dispensary, H No. 238, Near Tendar Heart School, Mahesh Nagar,Ambala Cantt. - 133001",0171-2556768,0171-2556768,-
8,Haryana,2,3,"ESI Dispensary, Dhulkot, Old Nursing Hostel, Palika Bazar, Ambala City - 134003",0171-2662450,0171-2662450,-
8,Haryana,2,4,"Naichana Road, Near Vishav Bharti school, bawal-1235001",01284-261940,01284-261940,-
8,Haryana,2,5,"Disp no-1 , Mela Ground , near railway station, bhiwani-127021",01664-242913,01664-242913,-
8,Haryana,2,6,"Disp no-2 , Mela Ground , near railway station, bhiwani-127021",01664-242913,01664-242913,-
8,Haryana,2,7,"Disp no-3 , Sec-21 , Ind Area, Bhiwani-127021",9991999402,9991999402,-
8,Haryana,2,8,ESI Disp No.1 Dharuhera Near Tehsil Dharuhera-123106,9466782892,9466782892,-
8,Haryana,2,9,"ESI dispensary, No.3 , NH-3 Near Machli Market, Faridabad - 121001",8178233709,8178233709,-
8,Haryana,2,10,"ESI dispensary , Tigaon , near Peer Majzid Aadhana Patti-121101",7838234970,7838234970,-
8,Haryana,3,Haryana
8,Haryana,3,1,"ESI Dispensary, Ward no. 6, Cloth Market, Ambala City - 134003",0171-2511883,0171-2511883,-
8,Haryana,3,2,"ESI Dispensary, H No. 238, Near Tendar Heart School, Mahesh Nagar,Ambala Cantt. - 133001",0171-2556768,0171-2556768,-
8,Haryana,3,3,"ESI Dispensary, Dhulkot, Old Nursing Hostel, Palika Bazar, Ambala City - 134003",0171-2662450,0171-2662450,-
8,Haryana,3,4,"Naichana Road, Near Vishav Bharti school, bawal-1235001",01284-261940,01284-261940,-
8,Haryana,3,5,"Disp no-1 , Mela Ground , near railway station, bhiwani-127021",01664-242913,01664-242913,-
8,Haryana,3,6,"Disp no-2 , Mela Ground , near railway station, bhiwani-127021",01664-242913,01664-242913,-
8,Haryana,3,7,"Disp no-3 , Sec-21 , Ind Area, Bhiwani-127021",9991999402,9991999402,-
8,Haryana,3,8,ESI Disp No.1 Dharuhera Near Tehsil Dharuhera-123106,9466782892,9466782892,-
8,Haryana,3,9,"ESI dispensary, No.3 , NH-3 Near Machli Market, Faridabad - 121001",8178233709,8178233709,-
8,Haryana,3,10,"ESI dispensary , Tigaon , near Peer Majzid Aadhana Patti-121101",7838234970,7838234970,-
8,Haryana,4,Haryana
8,Haryana,4,1,"ESI Dispensary, Ward no. 6, Cloth Market, Ambala City - 134003",0171-2511883,0171-2511883,-
8,Haryana,4,2,"ESI Dispensary, H No. 238, Near Tendar Heart School, Mahesh Nagar,Ambala Cantt. - 133001",0171-2556768,0171-2556768,-
8,Haryana,4,3,"ESI Dispensary, Dhulkot, Old Nursing Hostel, Palika Bazar, Ambala City - 134003",0171-2662450,0171-2662450,-
8,Haryana,4,4,"Naichana Road, Near Vishav Bharti school, bawal-1235001",01284-261940,01284-261940,-
8,Haryana,4,5,"Disp no-1 , Mela Ground , near railway station, bhiwani-127021",01664-242913,01664-242913,-
8,Haryana,4,6,"Disp no-2 , Mela Ground , near railway station, bhiwani-127021",01664-242913,01664-242913,-
8,Haryana,4,7,"Disp no-3 , Sec-21 , Ind Area, Bhiwani-127021",9991999402,9991999402,-
8,Haryana,4,8,ESI Disp No.1 Dharuhera Near Tehsil Dharuhera-123106,9466782892,9466782892,-
8,Haryana,4,9,"ESI dispensary, No.3 , NH-3 Near Machli Market, Faridabad - 121001",8178233709,8178233709,-
8,Haryana,4,10,"ESI dispensary , Tigaon , near Peer Majzid Aadhana Patti-121101",7838234970,7838234970,-
8,Haryana,5,Haryana
8,Haryana,5,1,"ESI Dispensary, Ward no. 6, Cloth Market, Ambala City - 134003",0171-2511883,0171-2511883,-
8,Haryana,5,2,"ESI Dispensary, H No. 238, Near Tendar Heart School, Mahesh Nagar,Ambala Cantt. - 133001",0171-2556768,0171-2556768,-
8,Haryana,5,3,"ESI Dispensary, Dhulkot, Old Nursing Hostel, Palika Bazar, Ambala City - 134003",0171-2662450,0171-2662450,-
8,Haryana,5,4,"Naichana Road, Near Vishav Bharti school, bawal-1235001",01284-261940,01284-261940,-
8,Haryana,5,5,"Disp no-1 , Mela Ground , near railway station, bhiwani-127021",01664-242913,01664-242913,-
8,Haryana,5,6,"Disp no-2 , Mela Ground , near railway station, bhiwani-127021",01664-242913,01664-242913,-
8,Haryana,5,7,"Disp no-3 , Sec-21 , Ind Area, Bhiwani-127021",9991999402,9991999402,-
8,Haryana,5,8,ESI Disp No.1 Dharuhera Near Tehsil Dharuhera-123106,9466782892,9466782892,-
8,Haryana,5,9,"ESI dispensary, No.3 , NH-3 Near Machli Market, Faridabad - 121001",8178233709,8178233709,-
8,Haryana,5,10,"ESI dispensary , Tigaon , near Peer Majzid Aadhana Patti-121101",7838234970,7838234970,-
8,Haryana,6,Haryana
8,Haryana,6,1,"ESI Dispensary, Ward no. 6, Cloth Market, Ambala City - 134003",0171-2511883,0171-2511883,-
8,Haryana,6,2,"ESI Dispensary, H No. 238, Near Tendar Heart School, Mahesh Nagar,Ambala Cantt. - 133001",0171-2556768,0171-2556768,-
8,Haryana,6,3,"ESI Dispensary, Dhulkot, Old Nursing Hostel, Palika Bazar, Ambala City - 134003",0171-2662450,0171-2662450,-
8,Haryana,6,4,"Naichana Road, Near Vishav Bharti school, bawal-1235001",01284-261940,01284-261940,-
8,Haryana,6,5,"Disp no-1 , Mela Ground , near railway station, bhiwani-127021",01664-242913,01664-242913,-
8,Haryana,6,6,"Disp no-2 , Mela Ground , near railway station, bhiwani-127021",01664-242913,01664-242913,-
8,Haryana,6,7,"Disp no-3 , Sec-21 , Ind Area, Bhiwani-127021",9991999402,9991999402,-
8,Haryana,6,8,ESI Disp No.1 Dharuhera Near Tehsil Dharuhera-123106,9466782892,9466782892,-
8,Haryana,6,9,"ESI dispensary, No.3 , NH-3 Near Machli Market, Faridabad - 121001",8178233709,8178233709,-
8,Haryana,6,10,"ESI dispensary , Tigaon , near Peer Majzid Aadhana Patti-121101",7838234970,7838234970,-
8,Haryana,7,Haryana
8,Haryana,7,1,"ESI Dispensary, Ward no. 6, Cloth Market, Ambala City - 134003",0171-2511883,0171-2511883,-
8,Haryana,7,2,"ESI Dispensary, H No. 238, Near Tendar Heart School, Mahesh Nagar,Ambala Cantt. - 133001",0171-2556768,0171-2556768,-
8,Haryana,7,3,"ESI Dispensary, Dhulkot, Old Nursing Hostel, Palika Bazar, Ambala City - 134003",0171-2662450,0171-2662450,-
8,Haryana,7,4,"Naichana Road, Near Vishav Bharti school, bawal-1235001",01284-261940,01284-261940,-
8,Haryana,7,5,"Disp no-1 , Mela Ground , near railway station, bhiwani-127021",01664-242913,01664-242913,-
8,Haryana,7,6,"Disp no-2 , Mela Ground , near railway station, bhiwani-127021",01664-242913,01664-242913,-
8,Haryana,7,7,"Disp no-3 , Sec-21 , Ind Area, Bhiwani-127021",9991999402,9991999402,-
8,Haryana,7,8,ESI Disp No.1 Dharuhera Near Tehsil Dharuhera-123106,9466782892,9466782892,-
8,Haryana,7,9,"ESI dispensary, No.3 , NH-3 Near Machli Market, Faridabad - 121001",8178233709,8178233709,-
8,Haryana,7,10,"ESI dispensary , Tigaon , near Peer Majzid Aadhana Patti-121101",7838234970,7838234970,-
8,Haryana,8,Haryana
8,Haryana,8,1,"ESI Dispensary, Ward no. 6, Cloth Market, Ambala City - 134003",0171-2511883,0171-2511883,-
8,Haryana,8,2,"ESI Dispensary, H No. 238, Near Tendar Heart School, Mahesh Nagar,Ambala Cantt. - 133001",0171-2556768,0171-2556768,-
8,Haryana,8,3,"ESI Dispensary, Dhulkot, Old Nursing Hostel, Palika Bazar, Ambala City - 134003",0171-2662450,0171-2662450,-
8,Haryana,8,4,"Naichana Road, Near Vishav Bharti school, bawal-1235001",01284-261940,01284-261940,-
8,Haryana,8,5,"Disp no-1 , Mela Ground , near railway station, bhiwani-127021",01664-242913,01664-242913,-
8,Haryana,8,6,"Disp no-2 , Mela Ground , near railway station, bhiwani-127021",01664-242913,01664-242913,-
8,Haryana,8,7,"Disp no-3 , Sec-21 , Ind Area, Bhiwani-127021",9991999402,9991999402,-
8,Haryana,8,8,ESI Disp No.1 Dharuhera Near Tehsil Dharuhera-123106,9466782892,9466782892,-
8,Haryana,8,9,"ESI dispensary, No.3 , NH-3 Near Machli Market, Faridabad - 121001",8178233709,8178233709,-
8,Haryana,8,10,"ESI dispensary , Tigaon , near Peer Majzid Aadhana Patti-121101",7838234970,7838234970,-
8,Haryana,9,Haryana
8,Haryana,9,1,"ESI Dispensary, Ward no. 6, Cloth Market, Ambala City - 134003",0171-2511883,0171-2511883,-
8,Haryana,9,2,"ESI Dispensary, H No. 238, Near Tendar Heart School, Mahesh Nagar,Ambala Cantt. - 133001",0171-2556768,0171-2556768,-
8,Haryana,9,3,"ESI Dispensary, Dhulkot, Old Nursing Hostel, Palika Bazar, Ambala City - 134003",0171-2662450,0171-2662450,-
8,Haryana,9,4,"Naichana Road, Near Vishav Bharti school, bawal-1235001",01284-261940,01284-261940,-
8,Haryana,9,5,"Disp no-1 , Mela Ground , near railway station, bhiwani-127021",01664-242913,01664-242913,-
8,Haryana,9,6,"Disp no-2 , Mela Ground , near railway station, bhiwani-127021",01664-242913,01664-242913,-
8,Haryana,9,7,"Disp no-3 , Sec-21 , Ind Area, Bhiwani-127021",9991999402,9991999402,-
8,Haryana,9,8,ESI Disp No.1 Dharuhera Near Tehsil Dharuhera-123106,9466782892,9466782892,-
8,Haryana,9,9,"ESI dispensary, No.3 , NH-3 Near Machli Market, Faridabad - 121001",8178233709,8178233709,-
8,Haryana,9,10,"ESI dispensary , Tigaon , near Peer Majzid Aadhana Patti-121101",7838234970,7838234970,-
141,Headquarters,1,No data found.
9,Himachal Pradesh,1,Himachal Pradesh
9,Himachal Pradesh,1,1,"ESI Dispensary Shogi tehsil- Shimla
Distt Shimla",7018425698,-------,disp-shoghi.hp@esic.nic.in
9,Himachal Pradesh,1,2,ESI Dispensary Shimla Red Cross Building 2nd Floor Room No- 204 Near DDU Hospital Shimla H.P-171001,0177-2657675,---------,disp-shimla.hp@esic.nic.in
9,Himachal Pradesh,1,3,"ESI Dispensary Mehatpur, Service building near BSNL ,Industrial area  Mehatpur, distt Una-174315",9418469660,------,disp-mehtapur.hp@esic.nic.in
9,Himachal Pradesh,1,4,"ESI Dispensary  Bhud,Near Baddi Bus stand, Bhojia Dental college building, distt Solan H.P- 173205",9418465411,------,disp-baddi.hp@esic.nic.in
9,Himachal Pradesh,1,5,"ESI Dispensary Kala-Amb, Near N.G. Polymers, nahan road, Kala-Amb, H.P-173030",01702-292110,-----,disp-kalaamb.hp@esic.in
9,Himachal Pradesh,1,6,"ESI Dispensary Gagret, Ground Floor, Common Facility Center Building, Shiv Bari, Industrial Area, Opposite MBD Printo Graphics, distt Una, H.P-177203",8894455552,-----,disp-gagret.hp@esic.nic.in
9,Himachal Pradesh,1,7,"ESI Dispensary Barotiwala,Export Park  Jharmajri, Teh Kasuali distt- Solan H.P- 173205",7986385550,----,disp-barotiwala.hp@esic.in
9,Himachal Pradesh,1,8,"ESI Dispensary Sansarpur Terrace,Tehsil- Jaswan, distt Kangra H.P-176501",9816105166,----,disp-sansarpur.hp@esic.nic.in
9,Himachal Pradesh,1,9,"ESI Dispensary Tahliwal, Ground floor, Dept.  of Industries service Building distt- Una H.P- 174507",9459789900,----,disp-taliwal.hp@esic.nic.in
9,Himachal Pradesh,1,10,ESI Dispensary Jabli P.O Jabli Teh -kasuali distt- solan H.P- 173209,8941095498,----,disp-jabli.hp@esic.nic.
9,Himachal Pradesh,2,Himachal Pradesh
9,Himachal Pradesh,2,1,"ESI Dispensary Shogi tehsil- Shimla
Distt Shimla",7018425698,-------,disp-shoghi.hp@esic.nic.in
9,Himachal Pradesh,2,2,ESI Dispensary Shimla Red Cross Building 2nd Floor Room No- 204 Near DDU Hospital Shimla H.P-171001,0177-2657675,---------,disp-shimla.hp@esic.nic.in
9,Himachal Pradesh,2,3,"ESI Dispensary Mehatpur, Service building near BSNL ,Industrial area  Mehatpur, distt Una-174315",9418469660,------,disp-mehtapur.hp@esic.nic.in
9,Himachal Pradesh,2,4,"ESI Dispensary  Bhud,Near Baddi Bus stand, Bhojia Dental college building, distt Solan H.P- 173205",9418465411,------,disp-baddi.hp@esic.nic.in
9,Himachal Pradesh,2,5,"ESI Dispensary Kala-Amb, Near N.G. Polymers, nahan road, Kala-Amb, H.P-173030",01702-292110,-----,disp-kalaamb.hp@esic.in
9,Himachal Pradesh,2,6,"ESI Dispensary Gagret, Ground Floor, Common Facility Center Building, Shiv Bari, Industrial Area, Opposite MBD Printo Graphics, distt Una, H.P-177203",8894455552,-----,disp-gagret.hp@esic.nic.in
9,Himachal Pradesh,2,7,"ESI Dispensary Barotiwala,Export Park  Jharmajri, Teh Kasuali distt- Solan H.P- 173205",7986385550,----,disp-barotiwala.hp@esic.in
9,Himachal Pradesh,2,8,"ESI Dispensary Sansarpur Terrace,Tehsil- Jaswan, distt Kangra H.P-176501",9816105166,----,disp-sansarpur.hp@esic.nic.in
9,Himachal Pradesh,2,9,"ESI Dispensary Tahliwal, Ground floor, Dept.  of Industries service Building distt- Una H.P- 174507",9459789900,----,disp-taliwal.hp@esic.nic.in
9,Himachal Pradesh,2,10,ESI Dispensary Jabli P.O Jabli Teh -kasuali distt- solan H.P- 173209,8941095498,----,disp-jabli.hp@esic.nic.
10,Jammu and Kashmir,1,Jammu and Kashmir
10,Jammu and Kashmir,1,1,"ESIS DISPENSARY, NEAR JK BANK, KHONMOH, SRINAGAR - 190004",9419012270,9419012270,rubeenabilquise[at]gmail[dot]com
10,Jammu and Kashmir,1,2,"ESIS DISPENSARY, SIDCO ESTATE, RANGRETH, DISTRICT BUDGAM, SRINAGAR - 191111190007",9469426660,9469426660,anjumsmeem01[at]gmail[dot]com
10,Jammu and Kashmir,1,3,"ESIS DISPENSARY, SIDCO ESTATE, HMT, ZAINAKOTE, SRINAGAR - 190012",9419409304,9419409304,dryasmeenbukhari[at]gmail[dot]com
10,Jammu and Kashmir,1,4,"EISS DISPENSARY, INDUSTRIAL AREA, BAGHI-E-ALI-MARDAN KHAN, SRINAGAR - 190001",9419001159,9419001159,drmudasirsultana[at]gmail[dot]com
10,Jammu and Kashmir,1,5,"ESIS DISPENSARY, INDUSTRIAL ESTATE, DIGIANA, JAMMU - 180010",9419782715,60191001,rkimoesidigiana[at]gmail[dot]com
10,Jammu and Kashmir,1,6,"ESIS DISPENSARY, HOUSE NO. 1065, JAWHAR NAGAR, NEAR MAIN CHOK, OPP. SHEELA RESORT, TALLAB TILLO, JAMMU",8716822233,60191012,neelam[dot]gandotra[at]gmail[dot]com
10,Jammu and Kashmir,1,7,"ESIS DISPENSARY, LANE NO. 21, SIDCO COMPLEX, BARI-BRAHMANA,SAMBA - 181133.",9419210019,9419210019,drkumailmurtaza[at]gmail[dot]com
10,Jammu and Kashmir,1,8,"ESIS Dispensary, Industrial Estate, Digiana, Jammu - 180003",9149871196,-,imojkesisdispensary@gmail.com
10,Jammu and Kashmir,1,9,"ESIS Dispensary, Railway Road, Near CTM, Gate No. 8, Kathua - 184102",9419217468,-,esiskathua@gmail.com
10,Jammu and Kashmir,1,10,"ESIS Dispensary, H.No. 1065, Jawahar Nagar, Talab Tillo, Opp. Sheela Resort, Jammu - 180002",7006480897,-,imojkesistt@gmail.com
10,Jammu and Kashmir,2,Jammu and Kashmir
10,Jammu and Kashmir,2,1,"ESIS DISPENSARY, NEAR JK BANK, KHONMOH, SRINAGAR - 190004",9419012270,9419012270,rubeenabilquise[at]gmail[dot]com
10,Jammu and Kashmir,2,2,"ESIS DISPENSARY, SIDCO ESTATE, RANGRETH, DISTRICT BUDGAM, SRINAGAR - 191111190007",9469426660,9469426660,anjumsmeem01[at]gmail[dot]com
10,Jammu and Kashmir,2,3,"ESIS DISPENSARY, SIDCO ESTATE, HMT, ZAINAKOTE, SRINAGAR - 190012",9419409304,9419409304,dryasmeenbukhari[at]gmail[dot]com
10,Jammu and Kashmir,2,4,"EISS DISPENSARY, INDUSTRIAL AREA, BAGHI-E-ALI-MARDAN KHAN, SRINAGAR - 190001",9419001159,9419001159,drmudasirsultana[at]gmail[dot]com
10,Jammu and Kashmir,2,5,"ESIS DISPENSARY, INDUSTRIAL ESTATE, DIGIANA, JAMMU - 180010",9419782715,60191001,rkimoesidigiana[at]gmail[dot]com
10,Jammu and Kashmir,2,6,"ESIS DISPENSARY, HOUSE NO. 1065, JAWHAR NAGAR, NEAR MAIN CHOK, OPP. SHEELA RESORT, TALLAB TILLO, JAMMU",8716822233,60191012,neelam[dot]gandotra[at]gmail[dot]com
10,Jammu and Kashmir,2,7,"ESIS DISPENSARY, LANE NO. 21, SIDCO COMPLEX, BARI-BRAHMANA,SAMBA - 181133.",9419210019,9419210019,drkumailmurtaza[at]gmail[dot]com
10,Jammu and Kashmir,2,8,"ESIS Dispensary, Industrial Estate, Digiana, Jammu - 180003",9149871196,-,imojkesisdispensary@gmail.com
10,Jammu and Kashmir,2,9,"ESIS Dispensary, Railway Road, Near CTM, Gate No. 8, Kathua - 184102",9419217468,-,esiskathua@gmail.com
10,Jammu and Kashmir,2,10,"ESIS Dispensary, H.No. 1065, Jawahar Nagar, Talab Tillo, Opp. Sheela Resort, Jammu - 180002",7006480897,-,imojkesistt@gmail.com
11,Jharkhand,1,Jharkhand
11,Jharkhand,1,1,"ESIS Dispensary,Jamtara Road,Sindari More, Nirsa, Dhanbad-828205.",9431142249,60657010,esinirsachatti[at]gmail[dot]com
11,Jharkhand,1,2,"ESIS Dispensary, Opposite Madhupur Block Office, Garia, Madhupur, Deoghar-815353",7870332901,60651004,esismadhupur[at]gmail[dot]com
11,Jharkhand,1,3,"ESIS Dispensary,1st Floor, Plot No. S-9, AB City Center, Sector-4, Bokaro-827004",9431360768,60657007,bokaroesi[at]gmail[dot]com
11,Jharkhand,1,4,"ESI Dispensary, EEF Factory Campus, Tatisilway, Ranchi, Jharkhand- 845103",9470668409,60651007-08-09,esitatisilwai[at]gmail[dot]com
11,Jharkhand,1,5,"ESIS Dispensary,Shanti Nagar, Garahtoli, Kokar, Ranchi, Jharkhand- 834001",7870848818,60651011-12-13,esikokar01[at]gmail[dot]com
11,Jharkhand,1,6,"ESIS Dispensary, Gate No- 02, JAC Stadium, Sector IV, Dhurwa, Ranchi, Jharkhand-834004",8987490866,60651001-02-03,esihecdhurwa[at]gmail[dot]com
11,Jharkhand,1,7,"ESIS dispensary, Anand Bhawan, Kajaria Colony,Jasidih, Deoghar-814142","9431259345, 06432-270881",66432001-02-03,esijasidih[at]gmail[dot]com
11,Jharkhand,1,8,"ESIS Dispensary,Road No.4, Jawahar Nagar,Maango, Jamshedpur-831012",9431761493,60657010-11-12,esimangojsr[at]gmail[dot]com
11,Jharkhand,1,9,"ESIS Dispensary , A C Apartment, Opp. Adityapur Small Scale Industries Association, Tata-Kandra Main Road, P.SP.O-Adityapur, Dist- Sarakela Kharsawan, Jharkhand-832109","9835195800 , 0657-2381201",60657001-02-03,esiadityapur[at]gmail[dot]com
11,Jharkhand,1,10,"ESIS Dispensary, Kalayani Complex, Thana Chowk28, Ramgarh Cantt, Ramgarh - 829117","9304399018 , 06553-225403",66546001-02-03,esiramgarh[at]gmail[dot]com
11,Jharkhand,2,Jharkhand
11,Jharkhand,2,1,"ESIS Dispensary,Jamtara Road,Sindari More, Nirsa, Dhanbad-828205.",9431142249,60657010,esinirsachatti[at]gmail[dot]com
11,Jharkhand,2,2,"ESIS Dispensary, Opposite Madhupur Block Office, Garia, Madhupur, Deoghar-815353",7870332901,60651004,esismadhupur[at]gmail[dot]com
11,Jharkhand,2,3,"ESIS Dispensary,1st Floor, Plot No. S-9, AB City Center, Sector-4, Bokaro-827004",9431360768,60657007,bokaroesi[at]gmail[dot]com
11,Jharkhand,2,4,"ESI Dispensary, EEF Factory Campus, Tatisilway, Ranchi, Jharkhand- 845103",9470668409,60651007-08-09,esitatisilwai[at]gmail[dot]com
11,Jharkhand,2,5,"ESIS Dispensary,Shanti Nagar, Garahtoli, Kokar, Ranchi, Jharkhand- 834001",7870848818,60651011-12-13,esikokar01[at]gmail[dot]com
11,Jharkhand,2,6,"ESIS Dispensary, Gate No- 02, JAC Stadium, Sector IV, Dhurwa, Ranchi, Jharkhand-834004",8987490866,60651001-02-03,esihecdhurwa[at]gmail[dot]com
11,Jharkhand,2,7,"ESIS dispensary, Anand Bhawan, Kajaria Colony,Jasidih, Deoghar-814142","9431259345, 06432-270881",66432001-02-03,esijasidih[at]gmail[dot]com
11,Jharkhand,2,8,"ESIS Dispensary,Road No.4, Jawahar Nagar,Maango, Jamshedpur-831012",9431761493,60657010-11-12,esimangojsr[at]gmail[dot]com
11,Jharkhand,2,9,"ESIS Dispensary , A C Apartment, Opp. Adityapur Small Scale Industries Association, Tata-Kandra Main Road, P.SP.O-Adityapur, Dist- Sarakela Kharsawan, Jharkhand-832109","9835195800 , 0657-2381201",60657001-02-03,esiadityapur[at]gmail[dot]com
11,Jharkhand,2,10,"ESIS Dispensary, Kalayani Complex, Thana Chowk28, Ramgarh Cantt, Ramgarh - 829117","9304399018 , 06553-225403",66546001-02-03,esiramgarh[at]gmail[dot]com
11,Jharkhand,3,Jharkhand
11,Jharkhand,3,1,"ESIS Dispensary,Jamtara Road,Sindari More, Nirsa, Dhanbad-828205.",9431142249,60657010,esinirsachatti[at]gmail[dot]com
11,Jharkhand,3,2,"ESIS Dispensary, Opposite Madhupur Block Office, Garia, Madhupur, Deoghar-815353",7870332901,60651004,esismadhupur[at]gmail[dot]com
11,Jharkhand,3,3,"ESIS Dispensary,1st Floor, Plot No. S-9, AB City Center, Sector-4, Bokaro-827004",9431360768,60657007,bokaroesi[at]gmail[dot]com
11,Jharkhand,3,4,"ESI Dispensary, EEF Factory Campus, Tatisilway, Ranchi, Jharkhand- 845103",9470668409,60651007-08-09,esitatisilwai[at]gmail[dot]com
11,Jharkhand,3,5,"ESIS Dispensary,Shanti Nagar, Garahtoli, Kokar, Ranchi, Jharkhand- 834001",7870848818,60651011-12-13,esikokar01[at]gmail[dot]com
11,Jharkhand,3,6,"ESIS Dispensary, Gate No- 02, JAC Stadium, Sector IV, Dhurwa, Ranchi, Jharkhand-834004",8987490866,60651001-02-03,esihecdhurwa[at]gmail[dot]com
11,Jharkhand,3,7,"ESIS dispensary, Anand Bhawan, Kajaria Colony,Jasidih, Deoghar-814142","9431259345, 06432-270881",66432001-02-03,esijasidih[at]gmail[dot]com
11,Jharkhand,3,8,"ESIS Dispensary,Road No.4, Jawahar Nagar,Maango, Jamshedpur-831012",9431761493,60657010-11-12,esimangojsr[at]gmail[dot]com
11,Jharkhand,3,9,"ESIS Dispensary , A C Apartment, Opp. Adityapur Small Scale Industries Association, Tata-Kandra Main Road, P.SP.O-Adityapur, Dist- Sarakela Kharsawan, Jharkhand-832109","9835195800 , 0657-2381201",60657001-02-03,esiadityapur[at]gmail[dot]com
11,Jharkhand,3,10,"ESIS Dispensary, Kalayani Complex, Thana Chowk28, Ramgarh Cantt, Ramgarh - 829117","9304399018 , 06553-225403",66546001-02-03,esiramgarh[at]gmail[dot]com
11,Jharkhand,4,Jharkhand
11,Jharkhand,4,1,"ESIS Dispensary,Jamtara Road,Sindari More, Nirsa, Dhanbad-828205.",9431142249,60657010,esinirsachatti[at]gmail[dot]com
11,Jharkhand,4,2,"ESIS Dispensary, Opposite Madhupur Block Office, Garia, Madhupur, Deoghar-815353",7870332901,60651004,esismadhupur[at]gmail[dot]com
11,Jharkhand,4,3,"ESIS Dispensary,1st Floor, Plot No. S-9, AB City Center, Sector-4, Bokaro-827004",9431360768,60657007,bokaroesi[at]gmail[dot]com
11,Jharkhand,4,4,"ESI Dispensary, EEF Factory Campus, Tatisilway, Ranchi, Jharkhand- 845103",9470668409,60651007-08-09,esitatisilwai[at]gmail[dot]com
11,Jharkhand,4,5,"ESIS Dispensary,Shanti Nagar, Garahtoli, Kokar, Ranchi, Jharkhand- 834001",7870848818,60651011-12-13,esikokar01[at]gmail[dot]com
11,Jharkhand,4,6,"ESIS Dispensary, Gate No- 02, JAC Stadium, Sector IV, Dhurwa, Ranchi, Jharkhand-834004",8987490866,60651001-02-03,esihecdhurwa[at]gmail[dot]com
11,Jharkhand,4,7,"ESIS dispensary, Anand Bhawan, Kajaria Colony,Jasidih, Deoghar-814142","9431259345, 06432-270881",66432001-02-03,esijasidih[at]gmail[dot]com
11,Jharkhand,4,8,"ESIS Dispensary,Road No.4, Jawahar Nagar,Maango, Jamshedpur-831012",9431761493,60657010-11-12,esimangojsr[at]gmail[dot]com
11,Jharkhand,4,9,"ESIS Dispensary , A C Apartment, Opp. Adityapur Small Scale Industries Association, Tata-Kandra Main Road, P.SP.O-Adityapur, Dist- Sarakela Kharsawan, Jharkhand-832109","9835195800 , 0657-2381201",60657001-02-03,esiadityapur[at]gmail[dot]com
11,Jharkhand,4,10,"ESIS Dispensary, Kalayani Complex, Thana Chowk28, Ramgarh Cantt, Ramgarh - 829117","9304399018 , 06553-225403",66546001-02-03,esiramgarh[at]gmail[dot]com
12,Karnataka,1,Karnataka
12,Karnataka,1,1,"Vinayaka theatre, Mysore Rd, Binnipete, Bengaluru, Karnataka-560018",080-26706036,60080055,disp[hypen]binnypet[dot]ka[at]esic[dot]nic[dot]in
12,Karnataka,1,2,"ESI DISPENSARY COTTONPET, 2nd Cross, O.T.C Road, Cottonpet, Bangalore-560053",080-22875949,60080007,disp[hyphen]cottonpet[dot]ka[at]esic[dot]nic[dot]in
12,Karnataka,1,3,"ESI DISPENSARY DASARHALLI, No.24, Hesaragatta Road, 8th Mile, Dsaarahalli, Bangalore-560057",080-28394759,60080067,disp[hyphen]dasarahalli[dot]ka[at]esic[dot]nic[dot]in
12,Karnataka,1,4,"ESI DISPENSARY JIGANI, KIADB Quarters, KIADB Industrial Area, Anekal Road, Jigani-562106",080-27870653,60080130,disp[hyphen]jigani[dot]ka[at]esic[dot]nic[dot]in
12,Karnataka,1,5,"ESIC Dispensary, Opposite Surya Classic apartment , Sri Rama Mandira Road, Kanakapura Rd, Yelachenahalli, Bengaluru, Karnataka 560078",080-26667951,60080049,brgshetty63[at]gmail[dot]com
12,Karnataka,1,6,"1st Cross Rd, A D Halli, 2nd Stage, KHB Colony, Basaveshwar Nagar, Bengaluru, Karnataka-560079",080-23350424,60080016,disp[hypen]magadiroad[dotka[at]esic[dotnic[dot]in
12,Karnataka,1,7,"vinayaka theatre, Mysore Rd, Binnipete, Bengaluru, Karnataka-560018",080-26748034,60080022,disp[hypen]mysoreroad[dot]ka[at]esic[dot]nic[]idotn
12,Karnataka,1,8,"Sirur Park Rd, Jai Bheema Nagar, Sampangiram Nagar, Bengaluru, Karnataka-560020",080-23561970,60080034,disp[hypen]sheshadripuram[dot]ka[at]esic[dot]nic[dot]in
12,Karnataka,1,9,"ESI DISPENSARY YELAHANKA, No.2001, 4th B Cross, HIG, Yelahanka, Bangalore-560064",080-28565210,60080013,disp[hyphen]yelahanka[dot]ka[at]esic[dot]nic[dot]in
12,Karnataka,1,10,"ESI DISPENSARY YESHWANTHPURA, Opp. To Mysore Lamps Works, Malleswaram West, Bangalore-560055",080-23341242,60080028,disp[hyphen]yeshwanthpura[dot]ka[at]esic[dot]nic[dot]in
12,Karnataka,2,Karnataka
12,Karnataka,2,1,"Vinayaka theatre, Mysore Rd, Binnipete, Bengaluru, Karnataka-560018",080-26706036,60080055,disp[hypen]binnypet[dot]ka[at]esic[dot]nic[dot]in
12,Karnataka,2,2,"ESI DISPENSARY COTTONPET, 2nd Cross, O.T.C Road, Cottonpet, Bangalore-560053",080-22875949,60080007,disp[hyphen]cottonpet[dot]ka[at]esic[dot]nic[dot]in
12,Karnataka,2,3,"ESI DISPENSARY DASARHALLI, No.24, Hesaragatta Road, 8th Mile, Dsaarahalli, Bangalore-560057",080-28394759,60080067,disp[hyphen]dasarahalli[dot]ka[at]esic[dot]nic[dot]in
12,Karnataka,2,4,"ESI DISPENSARY JIGANI, KIADB Quarters, KIADB Industrial Area, Anekal Road, Jigani-562106",080-27870653,60080130,disp[hyphen]jigani[dot]ka[at]esic[dot]nic[dot]in
12,Karnataka,2,5,"ESIC Dispensary, Opposite Surya Classic apartment , Sri Rama Mandira Road, Kanakapura Rd, Yelachenahalli, Bengaluru, Karnataka 560078",080-26667951,60080049,brgshetty63[at]gmail[dot]com
12,Karnataka,2,6,"1st Cross Rd, A D Halli, 2nd Stage, KHB Colony, Basaveshwar Nagar, Bengaluru, Karnataka-560079",080-23350424,60080016,disp[hypen]magadiroad[dotka[at]esic[dotnic[dot]in
12,Karnataka,2,7,"vinayaka theatre, Mysore Rd, Binnipete, Bengaluru, Karnataka-560018",080-26748034,60080022,disp[hypen]mysoreroad[dot]ka[at]esic[dot]nic[]idotn
12,Karnataka,2,8,"Sirur Park Rd, Jai Bheema Nagar, Sampangiram Nagar, Bengaluru, Karnataka-560020",080-23561970,60080034,disp[hypen]sheshadripuram[dot]ka[at]esic[dot]nic[dot]in
12,Karnataka,2,9,"ESI DISPENSARY YELAHANKA, No.2001, 4th B Cross, HIG, Yelahanka, Bangalore-560064",080-28565210,60080013,disp[hyphen]yelahanka[dot]ka[at]esic[dot]nic[dot]in
12,Karnataka,2,10,"ESI DISPENSARY YESHWANTHPURA, Opp. To Mysore Lamps Works, Malleswaram West, Bangalore-560055",080-23341242,60080028,disp[hyphen]yeshwanthpura[dot]ka[at]esic[dot]nic[dot]in
12,Karnataka,3,Karnataka
12,Karnataka,3,1,"Vinayaka theatre, Mysore Rd, Binnipete, Bengaluru, Karnataka-560018",080-26706036,60080055,disp[hypen]binnypet[dot]ka[at]esic[dot]nic[dot]in
12,Karnataka,3,2,"ESI DISPENSARY COTTONPET, 2nd Cross, O.T.C Road, Cottonpet, Bangalore-560053",080-22875949,60080007,disp[hyphen]cottonpet[dot]ka[at]esic[dot]nic[dot]in
12,Karnataka,3,3,"ESI DISPENSARY DASARHALLI, No.24, Hesaragatta Road, 8th Mile, Dsaarahalli, Bangalore-560057",080-28394759,60080067,disp[hyphen]dasarahalli[dot]ka[at]esic[dot]nic[dot]in
12,Karnataka,3,4,"ESI DISPENSARY JIGANI, KIADB Quarters, KIADB Industrial Area, Anekal Road, Jigani-562106",080-27870653,60080130,disp[hyphen]jigani[dot]ka[at]esic[dot]nic[dot]in
12,Karnataka,3,5,"ESIC Dispensary, Opposite Surya Classic apartment , Sri Rama Mandira Road, Kanakapura Rd, Yelachenahalli, Bengaluru, Karnataka 560078",080-26667951,60080049,brgshetty63[at]gmail[dot]com
12,Karnataka,3,6,"1st Cross Rd, A D Halli, 2nd Stage, KHB Colony, Basaveshwar Nagar, Bengaluru, Karnataka-560079",080-23350424,60080016,disp[hypen]magadiroad[dotka[at]esic[dotnic[dot]in
12,Karnataka,3,7,"vinayaka theatre, Mysore Rd, Binnipete, Bengaluru, Karnataka-560018",080-26748034,60080022,disp[hypen]mysoreroad[dot]ka[at]esic[dot]nic[]idotn
12,Karnataka,3,8,"Sirur Park Rd, Jai Bheema Nagar, Sampangiram Nagar, Bengaluru, Karnataka-560020",080-23561970,60080034,disp[hypen]sheshadripuram[dot]ka[at]esic[dot]nic[dot]in
12,Karnataka,3,9,"ESI DISPENSARY YELAHANKA, No.2001, 4th B Cross, HIG, Yelahanka, Bangalore-560064",080-28565210,60080013,disp[hyphen]yelahanka[dot]ka[at]esic[dot]nic[dot]in
12,Karnataka,3,10,"ESI DISPENSARY YESHWANTHPURA, Opp. To Mysore Lamps Works, Malleswaram West, Bangalore-560055",080-23341242,60080028,disp[hyphen]yeshwanthpura[dot]ka[at]esic[dot]nic[dot]in
12,Karnataka,4,Karnataka
12,Karnataka,4,1,"Vinayaka theatre, Mysore Rd, Binnipete, Bengaluru, Karnataka-560018",080-26706036,60080055,disp[hypen]binnypet[dot]ka[at]esic[dot]nic[dot]in
12,Karnataka,4,2,"ESI DISPENSARY COTTONPET, 2nd Cross, O.T.C Road, Cottonpet, Bangalore-560053",080-22875949,60080007,disp[hyphen]cottonpet[dot]ka[at]esic[dot]nic[dot]in
12,Karnataka,4,3,"ESI DISPENSARY DASARHALLI, No.24, Hesaragatta Road, 8th Mile, Dsaarahalli, Bangalore-560057",080-28394759,60080067,disp[hyphen]dasarahalli[dot]ka[at]esic[dot]nic[dot]in
12,Karnataka,4,4,"ESI DISPENSARY JIGANI, KIADB Quarters, KIADB Industrial Area, Anekal Road, Jigani-562106",080-27870653,60080130,disp[hyphen]jigani[dot]ka[at]esic[dot]nic[dot]in
12,Karnataka,4,5,"ESIC Dispensary, Opposite Surya Classic apartment , Sri Rama Mandira Road, Kanakapura Rd, Yelachenahalli, Bengaluru, Karnataka 560078",080-26667951,60080049,brgshetty63[at]gmail[dot]com
12,Karnataka,4,6,"1st Cross Rd, A D Halli, 2nd Stage, KHB Colony, Basaveshwar Nagar, Bengaluru, Karnataka-560079",080-23350424,60080016,disp[hypen]magadiroad[dotka[at]esic[dotnic[dot]in
12,Karnataka,4,7,"vinayaka theatre, Mysore Rd, Binnipete, Bengaluru, Karnataka-560018",080-26748034,60080022,disp[hypen]mysoreroad[dot]ka[at]esic[dot]nic[]idotn
12,Karnataka,4,8,"Sirur Park Rd, Jai Bheema Nagar, Sampangiram Nagar, Bengaluru, Karnataka-560020",080-23561970,60080034,disp[hypen]sheshadripuram[dot]ka[at]esic[dot]nic[dot]in
12,Karnataka,4,9,"ESI DISPENSARY YELAHANKA, No.2001, 4th B Cross, HIG, Yelahanka, Bangalore-560064",080-28565210,60080013,disp[hyphen]yelahanka[dot]ka[at]esic[dot]nic[dot]in
12,Karnataka,4,10,"ESI DISPENSARY YESHWANTHPURA, Opp. To Mysore Lamps Works, Malleswaram West, Bangalore-560055",080-23341242,60080028,disp[hyphen]yeshwanthpura[dot]ka[at]esic[dot]nic[dot]in
12,Karnataka,5,Karnataka
12,Karnataka,5,1,"Vinayaka theatre, Mysore Rd, Binnipete, Bengaluru, Karnataka-560018",080-26706036,60080055,disp[hypen]binnypet[dot]ka[at]esic[dot]nic[dot]in
12,Karnataka,5,2,"ESI DISPENSARY COTTONPET, 2nd Cross, O.T.C Road, Cottonpet, Bangalore-560053",080-22875949,60080007,disp[hyphen]cottonpet[dot]ka[at]esic[dot]nic[dot]in
12,Karnataka,5,3,"ESI DISPENSARY DASARHALLI, No.24, Hesaragatta Road, 8th Mile, Dsaarahalli, Bangalore-560057",080-28394759,60080067,disp[hyphen]dasarahalli[dot]ka[at]esic[dot]nic[dot]in
12,Karnataka,5,4,"ESI DISPENSARY JIGANI, KIADB Quarters, KIADB Industrial Area, Anekal Road, Jigani-562106",080-27870653,60080130,disp[hyphen]jigani[dot]ka[at]esic[dot]nic[dot]in
12,Karnataka,5,5,"ESIC Dispensary, Opposite Surya Classic apartment , Sri Rama Mandira Road, Kanakapura Rd, Yelachenahalli, Bengaluru, Karnataka 560078",080-26667951,60080049,brgshetty63[at]gmail[dot]com
12,Karnataka,5,6,"1st Cross Rd, A D Halli, 2nd Stage, KHB Colony, Basaveshwar Nagar, Bengaluru, Karnataka-560079",080-23350424,60080016,disp[hypen]magadiroad[dotka[at]esic[dotnic[dot]in
12,Karnataka,5,7,"vinayaka theatre, Mysore Rd, Binnipete, Bengaluru, Karnataka-560018",080-26748034,60080022,disp[hypen]mysoreroad[dot]ka[at]esic[dot]nic[]idotn
12,Karnataka,5,8,"Sirur Park Rd, Jai Bheema Nagar, Sampangiram Nagar, Bengaluru, Karnataka-560020",080-23561970,60080034,disp[hypen]sheshadripuram[dot]ka[at]esic[dot]nic[dot]in
12,Karnataka,5,9,"ESI DISPENSARY YELAHANKA, No.2001, 4th B Cross, HIG, Yelahanka, Bangalore-560064",080-28565210,60080013,disp[hyphen]yelahanka[dot]ka[at]esic[dot]nic[dot]in
12,Karnataka,5,10,"ESI DISPENSARY YESHWANTHPURA, Opp. To Mysore Lamps Works, Malleswaram West, Bangalore-560055",080-23341242,60080028,disp[hyphen]yeshwanthpura[dot]ka[at]esic[dot]nic[dot]in
12,Karnataka,6,Karnataka
12,Karnataka,6,1,"Vinayaka theatre, Mysore Rd, Binnipete, Bengaluru, Karnataka-560018",080-26706036,60080055,disp[hypen]binnypet[dot]ka[at]esic[dot]nic[dot]in
12,Karnataka,6,2,"ESI DISPENSARY COTTONPET, 2nd Cross, O.T.C Road, Cottonpet, Bangalore-560053",080-22875949,60080007,disp[hyphen]cottonpet[dot]ka[at]esic[dot]nic[dot]in
12,Karnataka,6,3,"ESI DISPENSARY DASARHALLI, No.24, Hesaragatta Road, 8th Mile, Dsaarahalli, Bangalore-560057",080-28394759,60080067,disp[hyphen]dasarahalli[dot]ka[at]esic[dot]nic[dot]in
12,Karnataka,6,4,"ESI DISPENSARY JIGANI, KIADB Quarters, KIADB Industrial Area, Anekal Road, Jigani-562106",080-27870653,60080130,disp[hyphen]jigani[dot]ka[at]esic[dot]nic[dot]in
12,Karnataka,6,5,"ESIC Dispensary, Opposite Surya Classic apartment , Sri Rama Mandira Road, Kanakapura Rd, Yelachenahalli, Bengaluru, Karnataka 560078",080-26667951,60080049,brgshetty63[at]gmail[dot]com
12,Karnataka,6,6,"1st Cross Rd, A D Halli, 2nd Stage, KHB Colony, Basaveshwar Nagar, Bengaluru, Karnataka-560079",080-23350424,60080016,disp[hypen]magadiroad[dotka[at]esic[dotnic[dot]in
12,Karnataka,6,7,"vinayaka theatre, Mysore Rd, Binnipete, Bengaluru, Karnataka-560018",080-26748034,60080022,disp[hypen]mysoreroad[dot]ka[at]esic[dot]nic[]idotn
12,Karnataka,6,8,"Sirur Park Rd, Jai Bheema Nagar, Sampangiram Nagar, Bengaluru, Karnataka-560020",080-23561970,60080034,disp[hypen]sheshadripuram[dot]ka[at]esic[dot]nic[dot]in
12,Karnataka,6,9,"ESI DISPENSARY YELAHANKA, No.2001, 4th B Cross, HIG, Yelahanka, Bangalore-560064",080-28565210,60080013,disp[hyphen]yelahanka[dot]ka[at]esic[dot]nic[dot]in
12,Karnataka,6,10,"ESI DISPENSARY YESHWANTHPURA, Opp. To Mysore Lamps Works, Malleswaram West, Bangalore-560055",080-23341242,60080028,disp[hyphen]yeshwanthpura[dot]ka[at]esic[dot]nic[dot]in
12,Karnataka,7,Karnataka
12,Karnataka,7,1,"Vinayaka theatre, Mysore Rd, Binnipete, Bengaluru, Karnataka-560018",080-26706036,60080055,disp[hypen]binnypet[dot]ka[at]esic[dot]nic[dot]in
12,Karnataka,7,2,"ESI DISPENSARY COTTONPET, 2nd Cross, O.T.C Road, Cottonpet, Bangalore-560053",080-22875949,60080007,disp[hyphen]cottonpet[dot]ka[at]esic[dot]nic[dot]in
12,Karnataka,7,3,"ESI DISPENSARY DASARHALLI, No.24, Hesaragatta Road, 8th Mile, Dsaarahalli, Bangalore-560057",080-28394759,60080067,disp[hyphen]dasarahalli[dot]ka[at]esic[dot]nic[dot]in
12,Karnataka,7,4,"ESI DISPENSARY JIGANI, KIADB Quarters, KIADB Industrial Area, Anekal Road, Jigani-562106",080-27870653,60080130,disp[hyphen]jigani[dot]ka[at]esic[dot]nic[dot]in
12,Karnataka,7,5,"ESIC Dispensary, Opposite Surya Classic apartment , Sri Rama Mandira Road, Kanakapura Rd, Yelachenahalli, Bengaluru, Karnataka 560078",080-26667951,60080049,brgshetty63[at]gmail[dot]com
12,Karnataka,7,6,"1st Cross Rd, A D Halli, 2nd Stage, KHB Colony, Basaveshwar Nagar, Bengaluru, Karnataka-560079",080-23350424,60080016,disp[hypen]magadiroad[dotka[at]esic[dotnic[dot]in
12,Karnataka,7,7,"vinayaka theatre, Mysore Rd, Binnipete, Bengaluru, Karnataka-560018",080-26748034,60080022,disp[hypen]mysoreroad[dot]ka[at]esic[dot]nic[]idotn
12,Karnataka,7,8,"Sirur Park Rd, Jai Bheema Nagar, Sampangiram Nagar, Bengaluru, Karnataka-560020",080-23561970,60080034,disp[hypen]sheshadripuram[dot]ka[at]esic[dot]nic[dot]in
12,Karnataka,7,9,"ESI DISPENSARY YELAHANKA, No.2001, 4th B Cross, HIG, Yelahanka, Bangalore-560064",080-28565210,60080013,disp[hyphen]yelahanka[dot]ka[at]esic[dot]nic[dot]in
12,Karnataka,7,10,"ESI DISPENSARY YESHWANTHPURA, Opp. To Mysore Lamps Works, Malleswaram West, Bangalore-560055",080-23341242,60080028,disp[hyphen]yeshwanthpura[dot]ka[at]esic[dot]nic[dot]in
12,Karnataka,8,Karnataka
12,Karnataka,8,1,"Vinayaka theatre, Mysore Rd, Binnipete, Bengaluru, Karnataka-560018",080-26706036,60080055,disp[hypen]binnypet[dot]ka[at]esic[dot]nic[dot]in
12,Karnataka,8,2,"ESI DISPENSARY COTTONPET, 2nd Cross, O.T.C Road, Cottonpet, Bangalore-560053",080-22875949,60080007,disp[hyphen]cottonpet[dot]ka[at]esic[dot]nic[dot]in
12,Karnataka,8,3,"ESI DISPENSARY DASARHALLI, No.24, Hesaragatta Road, 8th Mile, Dsaarahalli, Bangalore-560057",080-28394759,60080067,disp[hyphen]dasarahalli[dot]ka[at]esic[dot]nic[dot]in
12,Karnataka,8,4,"ESI DISPENSARY JIGANI, KIADB Quarters, KIADB Industrial Area, Anekal Road, Jigani-562106",080-27870653,60080130,disp[hyphen]jigani[dot]ka[at]esic[dot]nic[dot]in
12,Karnataka,8,5,"ESIC Dispensary, Opposite Surya Classic apartment , Sri Rama Mandira Road, Kanakapura Rd, Yelachenahalli, Bengaluru, Karnataka 560078",080-26667951,60080049,brgshetty63[at]gmail[dot]com
12,Karnataka,8,6,"1st Cross Rd, A D Halli, 2nd Stage, KHB Colony, Basaveshwar Nagar, Bengaluru, Karnataka-560079",080-23350424,60080016,disp[hypen]magadiroad[dotka[at]esic[dotnic[dot]in
12,Karnataka,8,7,"vinayaka theatre, Mysore Rd, Binnipete, Bengaluru, Karnataka-560018",080-26748034,60080022,disp[hypen]mysoreroad[dot]ka[at]esic[dot]nic[]idotn
12,Karnataka,8,8,"Sirur Park Rd, Jai Bheema Nagar, Sampangiram Nagar, Bengaluru, Karnataka-560020",080-23561970,60080034,disp[hypen]sheshadripuram[dot]ka[at]esic[dot]nic[dot]in
12,Karnataka,8,9,"ESI DISPENSARY YELAHANKA, No.2001, 4th B Cross, HIG, Yelahanka, Bangalore-560064",080-28565210,60080013,disp[hyphen]yelahanka[dot]ka[at]esic[dot]nic[dot]in
12,Karnataka,8,10,"ESI DISPENSARY YESHWANTHPURA, Opp. To Mysore Lamps Works, Malleswaram West, Bangalore-560055",080-23341242,60080028,disp[hyphen]yeshwanthpura[dot]ka[at]esic[dot]nic[dot]in
12,Karnataka,9,Karnataka
12,Karnataka,9,1,"Vinayaka theatre, Mysore Rd, Binnipete, Bengaluru, Karnataka-560018",080-26706036,60080055,disp[hypen]binnypet[dot]ka[at]esic[dot]nic[dot]in
12,Karnataka,9,2,"ESI DISPENSARY COTTONPET, 2nd Cross, O.T.C Road, Cottonpet, Bangalore-560053",080-22875949,60080007,disp[hyphen]cottonpet[dot]ka[at]esic[dot]nic[dot]in
12,Karnataka,9,3,"ESI DISPENSARY DASARHALLI, No.24, Hesaragatta Road, 8th Mile, Dsaarahalli, Bangalore-560057",080-28394759,60080067,disp[hyphen]dasarahalli[dot]ka[at]esic[dot]nic[dot]in
12,Karnataka,9,4,"ESI DISPENSARY JIGANI, KIADB Quarters, KIADB Industrial Area, Anekal Road, Jigani-562106",080-27870653,60080130,disp[hyphen]jigani[dot]ka[at]esic[dot]nic[dot]in
12,Karnataka,9,5,"ESIC Dispensary, Opposite Surya Classic apartment , Sri Rama Mandira Road, Kanakapura Rd, Yelachenahalli, Bengaluru, Karnataka 560078",080-26667951,60080049,brgshetty63[at]gmail[dot]com
12,Karnataka,9,6,"1st Cross Rd, A D Halli, 2nd Stage, KHB Colony, Basaveshwar Nagar, Bengaluru, Karnataka-560079",080-23350424,60080016,disp[hypen]magadiroad[dotka[at]esic[dotnic[dot]in
12,Karnataka,9,7,"vinayaka theatre, Mysore Rd, Binnipete, Bengaluru, Karnataka-560018",080-26748034,60080022,disp[hypen]mysoreroad[dot]ka[at]esic[dot]nic[]idotn
12,Karnataka,9,8,"Sirur Park Rd, Jai Bheema Nagar, Sampangiram Nagar, Bengaluru, Karnataka-560020",080-23561970,60080034,disp[hypen]sheshadripuram[dot]ka[at]esic[dot]nic[dot]in
12,Karnataka,9,9,"ESI DISPENSARY YELAHANKA, No.2001, 4th B Cross, HIG, Yelahanka, Bangalore-560064",080-28565210,60080013,disp[hyphen]yelahanka[dot]ka[at]esic[dot]nic[dot]in
12,Karnataka,9,10,"ESI DISPENSARY YESHWANTHPURA, Opp. To Mysore Lamps Works, Malleswaram West, Bangalore-560055",080-23341242,60080028,disp[hyphen]yeshwanthpura[dot]ka[at]esic[dot]nic[dot]in
13,Kerala,1,Kerala
13,Kerala,1,1,"ESI Dispensary, Attingal, Kizhuvalam P.O, Mamam, Attingal, Thiruvananthapuram – 695104",0470-2154415,02154415,"disp[hypen]attingal[dot]kerala[at]esic[dot]nic[dot]in, esid[hypen]attingal[dot]ims[at]kerala[dot]gov[dot]in"
13,Kerala,1,2,"ESI Dispensary,  Kazhakuttom,. Kazhakuttom P.O , Thiruvananthapuram- 695582","0471-241822, 0471-2416422",.,"disp[hypen]statue[dot]kerala[at]esic[dot]nic[dot]in, esid[hypen]kazhakuttam[dot]ims[at]kerala[dot]gov[dot]in"
13,Kerala,1,3,"ESI Dispensary, Kilimanoor, Athiranjali, Valnjeri, Kilimanoor  P.O-695602.",0470-2673900,.,"disp[hypen]kilimanoor[dot]kerala[at]esic[dot]nic[dot]in, esid[hypen]kilimanur.ims[at]kerala[dot]gov[dot]in"
13,Kerala,1,4,"ESI Dispensary, Kovalam ,Nedumon,  Near Amma Thottil Hospital, Thiruvananthapuram –  695527",0471-2484322,.,disp[hypen]kovalam[dot]kerala[at]esic[dot]nic[dot]in
13,Kerala,1,5,"ESI Dispensary,Neyyantinkara,Vlangamuri Junction, Poovar Road, P.O, Thiruvananthapuram",0471-2223022,.,disp[hypen]neyyattinkara[dot]kerala[at]esic[dot]nic[dotin
13,Kerala,1,6,"ESI Dispensary, Karamana, Karamana P.O, Thiruvananthapuram  – 695002",0471-2342722,.,disp[hypen]karamana[dot]kerala[at]esic[dot]nic[dot]in
13,Kerala,1,7,"ESI Dispensary, Navaikulam, Navaikulam.P.O, Thiruvananthapuram,",0470-2692059,.,disp[hypen]navaikkulam[dot]kerala[at]esic[dot]nic[dot]in
13,Kerala,1,8,"ESI Dispensary, Peroorkada,Peroorkada P.O, Thiruvananthapuram -  695003",0471- 2433075,.,disp[hypen]peroorkkada[dot]kerala[at]esic[dot]nic[dot]in
13,Kerala,1,9,"ESI Dispensary, Chakkai, Chakkai, Pettah P.O, Thiruvananthapuram – 695024",0471-2500618,.,disp[hypen]chakai[dot]kerala[at]esic[dot]nic[dot]in
13,Kerala,1,10,"ESI Dispensary, Balaramapuram, Vedivechankovil kovil P.O,  Thiruvananthapuram – 695501",0471-2405722,.,"disp[hypen]balaramapuram[dot]kerala[at]esic[dot]nic[dot]in, esid[hypen]bpuram[dot]ims[at]kerala[dot]gov[dot]in"
13,Kerala,2,Kerala
13,Kerala,2,1,"ESI Dispensary, Attingal, Kizhuvalam P.O, Mamam, Attingal, Thiruvananthapuram – 695104",0470-2154415,02154415,"disp[hypen]attingal[dot]kerala[at]esic[dot]nic[dot]in, esid[hypen]attingal[dot]ims[at]kerala[dot]gov[dot]in"
13,Kerala,2,2,"ESI Dispensary,  Kazhakuttom,. Kazhakuttom P.O , Thiruvananthapuram- 695582","0471-241822, 0471-2416422",.,"disp[hypen]statue[dot]kerala[at]esic[dot]nic[dot]in, esid[hypen]kazhakuttam[dot]ims[at]kerala[dot]gov[dot]in"
13,Kerala,2,3,"ESI Dispensary, Kilimanoor, Athiranjali, Valnjeri, Kilimanoor  P.O-695602.",0470-2673900,.,"disp[hypen]kilimanoor[dot]kerala[at]esic[dot]nic[dot]in, esid[hypen]kilimanur.ims[at]kerala[dot]gov[dot]in"
13,Kerala,2,4,"ESI Dispensary, Kovalam ,Nedumon,  Near Amma Thottil Hospital, Thiruvananthapuram –  695527",0471-2484322,.,disp[hypen]kovalam[dot]kerala[at]esic[dot]nic[dot]in
13,Kerala,2,5,"ESI Dispensary,Neyyantinkara,Vlangamuri Junction, Poovar Road, P.O, Thiruvananthapuram",0471-2223022,.,disp[hypen]neyyattinkara[dot]kerala[at]esic[dot]nic[dotin
13,Kerala,2,6,"ESI Dispensary, Karamana, Karamana P.O, Thiruvananthapuram  – 695002",0471-2342722,.,disp[hypen]karamana[dot]kerala[at]esic[dot]nic[dot]in
13,Kerala,2,7,"ESI Dispensary, Navaikulam, Navaikulam.P.O, Thiruvananthapuram,",0470-2692059,.,disp[hypen]navaikkulam[dot]kerala[at]esic[dot]nic[dot]in
13,Kerala,2,8,"ESI Dispensary, Peroorkada,Peroorkada P.O, Thiruvananthapuram -  695003",0471- 2433075,.,disp[hypen]peroorkkada[dot]kerala[at]esic[dot]nic[dot]in
13,Kerala,2,9,"ESI Dispensary, Chakkai, Chakkai, Pettah P.O, Thiruvananthapuram – 695024",0471-2500618,.,disp[hypen]chakai[dot]kerala[at]esic[dot]nic[dot]in
13,Kerala,2,10,"ESI Dispensary, Balaramapuram, Vedivechankovil kovil P.O,  Thiruvananthapuram – 695501",0471-2405722,.,"disp[hypen]balaramapuram[dot]kerala[at]esic[dot]nic[dot]in, esid[hypen]bpuram[dot]ims[at]kerala[dot]gov[dot]in"
13,Kerala,3,Kerala
13,Kerala,3,1,"ESI Dispensary, Attingal, Kizhuvalam P.O, Mamam, Attingal, Thiruvananthapuram – 695104",0470-2154415,02154415,"disp[hypen]attingal[dot]kerala[at]esic[dot]nic[dot]in, esid[hypen]attingal[dot]ims[at]kerala[dot]gov[dot]in"
13,Kerala,3,2,"ESI Dispensary,  Kazhakuttom,. Kazhakuttom P.O , Thiruvananthapuram- 695582","0471-241822, 0471-2416422",.,"disp[hypen]statue[dot]kerala[at]esic[dot]nic[dot]in, esid[hypen]kazhakuttam[dot]ims[at]kerala[dot]gov[dot]in"
13,Kerala,3,3,"ESI Dispensary, Kilimanoor, Athiranjali, Valnjeri, Kilimanoor  P.O-695602.",0470-2673900,.,"disp[hypen]kilimanoor[dot]kerala[at]esic[dot]nic[dot]in, esid[hypen]kilimanur.ims[at]kerala[dot]gov[dot]in"
13,Kerala,3,4,"ESI Dispensary, Kovalam ,Nedumon,  Near Amma Thottil Hospital, Thiruvananthapuram –  695527",0471-2484322,.,disp[hypen]kovalam[dot]kerala[at]esic[dot]nic[dot]in
13,Kerala,3,5,"ESI Dispensary,Neyyantinkara,Vlangamuri Junction, Poovar Road, P.O, Thiruvananthapuram",0471-2223022,.,disp[hypen]neyyattinkara[dot]kerala[at]esic[dot]nic[dotin
13,Kerala,3,6,"ESI Dispensary, Karamana, Karamana P.O, Thiruvananthapuram  – 695002",0471-2342722,.,disp[hypen]karamana[dot]kerala[at]esic[dot]nic[dot]in
13,Kerala,3,7,"ESI Dispensary, Navaikulam, Navaikulam.P.O, Thiruvananthapuram,",0470-2692059,.,disp[hypen]navaikkulam[dot]kerala[at]esic[dot]nic[dot]in
13,Kerala,3,8,"ESI Dispensary, Peroorkada,Peroorkada P.O, Thiruvananthapuram -  695003",0471- 2433075,.,disp[hypen]peroorkkada[dot]kerala[at]esic[dot]nic[dot]in
13,Kerala,3,9,"ESI Dispensary, Chakkai, Chakkai, Pettah P.O, Thiruvananthapuram – 695024",0471-2500618,.,disp[hypen]chakai[dot]kerala[at]esic[dot]nic[dot]in
13,Kerala,3,10,"ESI Dispensary, Balaramapuram, Vedivechankovil kovil P.O,  Thiruvananthapuram – 695501",0471-2405722,.,"disp[hypen]balaramapuram[dot]kerala[at]esic[dot]nic[dot]in, esid[hypen]bpuram[dot]ims[at]kerala[dot]gov[dot]in"
13,Kerala,4,Kerala
13,Kerala,4,1,"ESI Dispensary, Attingal, Kizhuvalam P.O, Mamam, Attingal, Thiruvananthapuram – 695104",0470-2154415,02154415,"disp[hypen]attingal[dot]kerala[at]esic[dot]nic[dot]in, esid[hypen]attingal[dot]ims[at]kerala[dot]gov[dot]in"
13,Kerala,4,2,"ESI Dispensary,  Kazhakuttom,. Kazhakuttom P.O , Thiruvananthapuram- 695582","0471-241822, 0471-2416422",.,"disp[hypen]statue[dot]kerala[at]esic[dot]nic[dot]in, esid[hypen]kazhakuttam[dot]ims[at]kerala[dot]gov[dot]in"
13,Kerala,4,3,"ESI Dispensary, Kilimanoor, Athiranjali, Valnjeri, Kilimanoor  P.O-695602.",0470-2673900,.,"disp[hypen]kilimanoor[dot]kerala[at]esic[dot]nic[dot]in, esid[hypen]kilimanur.ims[at]kerala[dot]gov[dot]in"
13,Kerala,4,4,"ESI Dispensary, Kovalam ,Nedumon,  Near Amma Thottil Hospital, Thiruvananthapuram –  695527",0471-2484322,.,disp[hypen]kovalam[dot]kerala[at]esic[dot]nic[dot]in
13,Kerala,4,5,"ESI Dispensary,Neyyantinkara,Vlangamuri Junction, Poovar Road, P.O, Thiruvananthapuram",0471-2223022,.,disp[hypen]neyyattinkara[dot]kerala[at]esic[dot]nic[dotin
13,Kerala,4,6,"ESI Dispensary, Karamana, Karamana P.O, Thiruvananthapuram  – 695002",0471-2342722,.,disp[hypen]karamana[dot]kerala[at]esic[dot]nic[dot]in
13,Kerala,4,7,"ESI Dispensary, Navaikulam, Navaikulam.P.O, Thiruvananthapuram,",0470-2692059,.,disp[hypen]navaikkulam[dot]kerala[at]esic[dot]nic[dot]in
13,Kerala,4,8,"ESI Dispensary, Peroorkada,Peroorkada P.O, Thiruvananthapuram -  695003",0471- 2433075,.,disp[hypen]peroorkkada[dot]kerala[at]esic[dot]nic[dot]in
13,Kerala,4,9,"ESI Dispensary, Chakkai, Chakkai, Pettah P.O, Thiruvananthapuram – 695024",0471-2500618,.,disp[hypen]chakai[dot]kerala[at]esic[dot]nic[dot]in
13,Kerala,4,10,"ESI Dispensary, Balaramapuram, Vedivechankovil kovil P.O,  Thiruvananthapuram – 695501",0471-2405722,.,"disp[hypen]balaramapuram[dot]kerala[at]esic[dot]nic[dot]in, esid[hypen]bpuram[dot]ims[at]kerala[dot]gov[dot]in"
13,Kerala,5,Kerala
13,Kerala,5,1,"ESI Dispensary, Attingal, Kizhuvalam P.O, Mamam, Attingal, Thiruvananthapuram – 695104",0470-2154415,02154415,"disp[hypen]attingal[dot]kerala[at]esic[dot]nic[dot]in, esid[hypen]attingal[dot]ims[at]kerala[dot]gov[dot]in"
13,Kerala,5,2,"ESI Dispensary,  Kazhakuttom,. Kazhakuttom P.O , Thiruvananthapuram- 695582","0471-241822, 0471-2416422",.,"disp[hypen]statue[dot]kerala[at]esic[dot]nic[dot]in, esid[hypen]kazhakuttam[dot]ims[at]kerala[dot]gov[dot]in"
13,Kerala,5,3,"ESI Dispensary, Kilimanoor, Athiranjali, Valnjeri, Kilimanoor  P.O-695602.",0470-2673900,.,"disp[hypen]kilimanoor[dot]kerala[at]esic[dot]nic[dot]in, esid[hypen]kilimanur.ims[at]kerala[dot]gov[dot]in"
13,Kerala,5,4,"ESI Dispensary, Kovalam ,Nedumon,  Near Amma Thottil Hospital, Thiruvananthapuram –  695527",0471-2484322,.,disp[hypen]kovalam[dot]kerala[at]esic[dot]nic[dot]in
13,Kerala,5,5,"ESI Dispensary,Neyyantinkara,Vlangamuri Junction, Poovar Road, P.O, Thiruvananthapuram",0471-2223022,.,disp[hypen]neyyattinkara[dot]kerala[at]esic[dot]nic[dotin
13,Kerala,5,6,"ESI Dispensary, Karamana, Karamana P.O, Thiruvananthapuram  – 695002",0471-2342722,.,disp[hypen]karamana[dot]kerala[at]esic[dot]nic[dot]in
13,Kerala,5,7,"ESI Dispensary, Navaikulam, Navaikulam.P.O, Thiruvananthapuram,",0470-2692059,.,disp[hypen]navaikkulam[dot]kerala[at]esic[dot]nic[dot]in
13,Kerala,5,8,"ESI Dispensary, Peroorkada,Peroorkada P.O, Thiruvananthapuram -  695003",0471- 2433075,.,disp[hypen]peroorkkada[dot]kerala[at]esic[dot]nic[dot]in
13,Kerala,5,9,"ESI Dispensary, Chakkai, Chakkai, Pettah P.O, Thiruvananthapuram – 695024",0471-2500618,.,disp[hypen]chakai[dot]kerala[at]esic[dot]nic[dot]in
13,Kerala,5,10,"ESI Dispensary, Balaramapuram, Vedivechankovil kovil P.O,  Thiruvananthapuram – 695501",0471-2405722,.,"disp[hypen]balaramapuram[dot]kerala[at]esic[dot]nic[dot]in, esid[hypen]bpuram[dot]ims[at]kerala[dot]gov[dot]in"
13,Kerala,6,Kerala
13,Kerala,6,1,"ESI Dispensary, Attingal, Kizhuvalam P.O, Mamam, Attingal, Thiruvananthapuram – 695104",0470-2154415,02154415,"disp[hypen]attingal[dot]kerala[at]esic[dot]nic[dot]in, esid[hypen]attingal[dot]ims[at]kerala[dot]gov[dot]in"
13,Kerala,6,2,"ESI Dispensary,  Kazhakuttom,. Kazhakuttom P.O , Thiruvananthapuram- 695582","0471-241822, 0471-2416422",.,"disp[hypen]statue[dot]kerala[at]esic[dot]nic[dot]in, esid[hypen]kazhakuttam[dot]ims[at]kerala[dot]gov[dot]in"
13,Kerala,6,3,"ESI Dispensary, Kilimanoor, Athiranjali, Valnjeri, Kilimanoor  P.O-695602.",0470-2673900,.,"disp[hypen]kilimanoor[dot]kerala[at]esic[dot]nic[dot]in, esid[hypen]kilimanur.ims[at]kerala[dot]gov[dot]in"
13,Kerala,6,4,"ESI Dispensary, Kovalam ,Nedumon,  Near Amma Thottil Hospital, Thiruvananthapuram –  695527",0471-2484322,.,disp[hypen]kovalam[dot]kerala[at]esic[dot]nic[dot]in
13,Kerala,6,5,"ESI Dispensary,Neyyantinkara,Vlangamuri Junction, Poovar Road, P.O, Thiruvananthapuram",0471-2223022,.,disp[hypen]neyyattinkara[dot]kerala[at]esic[dot]nic[dotin
13,Kerala,6,6,"ESI Dispensary, Karamana, Karamana P.O, Thiruvananthapuram  – 695002",0471-2342722,.,disp[hypen]karamana[dot]kerala[at]esic[dot]nic[dot]in
13,Kerala,6,7,"ESI Dispensary, Navaikulam, Navaikulam.P.O, Thiruvananthapuram,",0470-2692059,.,disp[hypen]navaikkulam[dot]kerala[at]esic[dot]nic[dot]in
13,Kerala,6,8,"ESI Dispensary, Peroorkada,Peroorkada P.O, Thiruvananthapuram -  695003",0471- 2433075,.,disp[hypen]peroorkkada[dot]kerala[at]esic[dot]nic[dot]in
13,Kerala,6,9,"ESI Dispensary, Chakkai, Chakkai, Pettah P.O, Thiruvananthapuram – 695024",0471-2500618,.,disp[hypen]chakai[dot]kerala[at]esic[dot]nic[dot]in
13,Kerala,6,10,"ESI Dispensary, Balaramapuram, Vedivechankovil kovil P.O,  Thiruvananthapuram – 695501",0471-2405722,.,"disp[hypen]balaramapuram[dot]kerala[at]esic[dot]nic[dot]in, esid[hypen]bpuram[dot]ims[at]kerala[dot]gov[dot]in"
13,Kerala,7,Kerala
13,Kerala,7,1,"ESI Dispensary, Attingal, Kizhuvalam P.O, Mamam, Attingal, Thiruvananthapuram – 695104",0470-2154415,02154415,"disp[hypen]attingal[dot]kerala[at]esic[dot]nic[dot]in, esid[hypen]attingal[dot]ims[at]kerala[dot]gov[dot]in"
13,Kerala,7,2,"ESI Dispensary,  Kazhakuttom,. Kazhakuttom P.O , Thiruvananthapuram- 695582","0471-241822, 0471-2416422",.,"disp[hypen]statue[dot]kerala[at]esic[dot]nic[dot]in, esid[hypen]kazhakuttam[dot]ims[at]kerala[dot]gov[dot]in"
13,Kerala,7,3,"ESI Dispensary, Kilimanoor, Athiranjali, Valnjeri, Kilimanoor  P.O-695602.",0470-2673900,.,"disp[hypen]kilimanoor[dot]kerala[at]esic[dot]nic[dot]in, esid[hypen]kilimanur.ims[at]kerala[dot]gov[dot]in"
13,Kerala,7,4,"ESI Dispensary, Kovalam ,Nedumon,  Near Amma Thottil Hospital, Thiruvananthapuram –  695527",0471-2484322,.,disp[hypen]kovalam[dot]kerala[at]esic[dot]nic[dot]in
13,Kerala,7,5,"ESI Dispensary,Neyyantinkara,Vlangamuri Junction, Poovar Road, P.O, Thiruvananthapuram",0471-2223022,.,disp[hypen]neyyattinkara[dot]kerala[at]esic[dot]nic[dotin
13,Kerala,7,6,"ESI Dispensary, Karamana, Karamana P.O, Thiruvananthapuram  – 695002",0471-2342722,.,disp[hypen]karamana[dot]kerala[at]esic[dot]nic[dot]in
13,Kerala,7,7,"ESI Dispensary, Navaikulam, Navaikulam.P.O, Thiruvananthapuram,",0470-2692059,.,disp[hypen]navaikkulam[dot]kerala[at]esic[dot]nic[dot]in
13,Kerala,7,8,"ESI Dispensary, Peroorkada,Peroorkada P.O, Thiruvananthapuram -  695003",0471- 2433075,.,disp[hypen]peroorkkada[dot]kerala[at]esic[dot]nic[dot]in
13,Kerala,7,9,"ESI Dispensary, Chakkai, Chakkai, Pettah P.O, Thiruvananthapuram – 695024",0471-2500618,.,disp[hypen]chakai[dot]kerala[at]esic[dot]nic[dot]in
13,Kerala,7,10,"ESI Dispensary, Balaramapuram, Vedivechankovil kovil P.O,  Thiruvananthapuram – 695501",0471-2405722,.,"disp[hypen]balaramapuram[dot]kerala[at]esic[dot]nic[dot]in, esid[hypen]bpuram[dot]ims[at]kerala[dot]gov[dot]in"
13,Kerala,8,Kerala
13,Kerala,8,1,"ESI Dispensary, Attingal, Kizhuvalam P.O, Mamam, Attingal, Thiruvananthapuram – 695104",0470-2154415,02154415,"disp[hypen]attingal[dot]kerala[at]esic[dot]nic[dot]in, esid[hypen]attingal[dot]ims[at]kerala[dot]gov[dot]in"
13,Kerala,8,2,"ESI Dispensary,  Kazhakuttom,. Kazhakuttom P.O , Thiruvananthapuram- 695582","0471-241822, 0471-2416422",.,"disp[hypen]statue[dot]kerala[at]esic[dot]nic[dot]in, esid[hypen]kazhakuttam[dot]ims[at]kerala[dot]gov[dot]in"
13,Kerala,8,3,"ESI Dispensary, Kilimanoor, Athiranjali, Valnjeri, Kilimanoor  P.O-695602.",0470-2673900,.,"disp[hypen]kilimanoor[dot]kerala[at]esic[dot]nic[dot]in, esid[hypen]kilimanur.ims[at]kerala[dot]gov[dot]in"
13,Kerala,8,4,"ESI Dispensary, Kovalam ,Nedumon,  Near Amma Thottil Hospital, Thiruvananthapuram –  695527",0471-2484322,.,disp[hypen]kovalam[dot]kerala[at]esic[dot]nic[dot]in
13,Kerala,8,5,"ESI Dispensary,Neyyantinkara,Vlangamuri Junction, Poovar Road, P.O, Thiruvananthapuram",0471-2223022,.,disp[hypen]neyyattinkara[dot]kerala[at]esic[dot]nic[dotin
13,Kerala,8,6,"ESI Dispensary, Karamana, Karamana P.O, Thiruvananthapuram  – 695002",0471-2342722,.,disp[hypen]karamana[dot]kerala[at]esic[dot]nic[dot]in
13,Kerala,8,7,"ESI Dispensary, Navaikulam, Navaikulam.P.O, Thiruvananthapuram,",0470-2692059,.,disp[hypen]navaikkulam[dot]kerala[at]esic[dot]nic[dot]in
13,Kerala,8,8,"ESI Dispensary, Peroorkada,Peroorkada P.O, Thiruvananthapuram -  695003",0471- 2433075,.,disp[hypen]peroorkkada[dot]kerala[at]esic[dot]nic[dot]in
13,Kerala,8,9,"ESI Dispensary, Chakkai, Chakkai, Pettah P.O, Thiruvananthapuram – 695024",0471-2500618,.,disp[hypen]chakai[dot]kerala[at]esic[dot]nic[dot]in
13,Kerala,8,10,"ESI Dispensary, Balaramapuram, Vedivechankovil kovil P.O,  Thiruvananthapuram – 695501",0471-2405722,.,"disp[hypen]balaramapuram[dot]kerala[at]esic[dot]nic[dot]in, esid[hypen]bpuram[dot]ims[at]kerala[dot]gov[dot]in"
13,Kerala,9,Kerala
13,Kerala,9,1,"ESI Dispensary, Attingal, Kizhuvalam P.O, Mamam, Attingal, Thiruvananthapuram – 695104",0470-2154415,02154415,"disp[hypen]attingal[dot]kerala[at]esic[dot]nic[dot]in, esid[hypen]attingal[dot]ims[at]kerala[dot]gov[dot]in"
13,Kerala,9,2,"ESI Dispensary,  Kazhakuttom,. Kazhakuttom P.O , Thiruvananthapuram- 695582","0471-241822, 0471-2416422",.,"disp[hypen]statue[dot]kerala[at]esic[dot]nic[dot]in, esid[hypen]kazhakuttam[dot]ims[at]kerala[dot]gov[dot]in"
13,Kerala,9,3,"ESI Dispensary, Kilimanoor, Athiranjali, Valnjeri, Kilimanoor  P.O-695602.",0470-2673900,.,"disp[hypen]kilimanoor[dot]kerala[at]esic[dot]nic[dot]in, esid[hypen]kilimanur.ims[at]kerala[dot]gov[dot]in"
13,Kerala,9,4,"ESI Dispensary, Kovalam ,Nedumon,  Near Amma Thottil Hospital, Thiruvananthapuram –  695527",0471-2484322,.,disp[hypen]kovalam[dot]kerala[at]esic[dot]nic[dot]in
13,Kerala,9,5,"ESI Dispensary,Neyyantinkara,Vlangamuri Junction, Poovar Road, P.O, Thiruvananthapuram",0471-2223022,.,disp[hypen]neyyattinkara[dot]kerala[at]esic[dot]nic[dotin
13,Kerala,9,6,"ESI Dispensary, Karamana, Karamana P.O, Thiruvananthapuram  – 695002",0471-2342722,.,disp[hypen]karamana[dot]kerala[at]esic[dot]nic[dot]in
13,Kerala,9,7,"ESI Dispensary, Navaikulam, Navaikulam.P.O, Thiruvananthapuram,",0470-2692059,.,disp[hypen]navaikkulam[dot]kerala[at]esic[dot]nic[dot]in
13,Kerala,9,8,"ESI Dispensary, Peroorkada,Peroorkada P.O, Thiruvananthapuram -  695003",0471- 2433075,.,disp[hypen]peroorkkada[dot]kerala[at]esic[dot]nic[dot]in
13,Kerala,9,9,"ESI Dispensary, Chakkai, Chakkai, Pettah P.O, Thiruvananthapuram – 695024",0471-2500618,.,disp[hypen]chakai[dot]kerala[at]esic[dot]nic[dot]in
13,Kerala,9,10,"ESI Dispensary, Balaramapuram, Vedivechankovil kovil P.O,  Thiruvananthapuram – 695501",0471-2405722,.,"disp[hypen]balaramapuram[dot]kerala[at]esic[dot]nic[dot]in, esid[hypen]bpuram[dot]ims[at]kerala[dot]gov[dot]in"
14,Madhya Pradesh,1,Madhya Pradesh
14,Madhya Pradesh,1,1,"Opposite Central Library, Bharat Talkies, Itwara, Seedia School Colony, Peer Gate Area, Bhopal, Madhya Pradesh 462001",0755-2759365,60755007,disp[hypen]itwara[dot]mp[at]esic[dot]nic[dot]in
14,Madhya Pradesh,1,2,"Ashoka Garden Rd, Gurudwara Market, New Subhash Nagar, Gurunanak Pura, Ashoka Garden, Bhopal, Madhya Pradesh 462023",0755-2759365,60755004,disp-bhopal.mp@esic.nic.in
14,Madhya Pradesh,1,3,"Near Bima Astal, Sonagiri, Bhopal, Madhya Pradesh 462022",0755-2759365,60755001,disp[hypen]bhopal[dot]mp[at]esic[dot]nic[dot]in
14,Madhya Pradesh,1,4,"462046, Patel Nagar, Industrial Area, Mandideep, Bhopal, Madhya Pradesh 462046",07480-233430,67480001,disp[hypen]satlapur[dot]mp[at]esic[dot]nic[dot]in
14,Madhya Pradesh,1,5,"ESI Dispensary, Indira Nagar Mandideep, Raisen, M.P.",07480-233430,67480004,disp[hypen]indiranagar[dot]mp[at]esic[dot]nic[dot]in
14,Madhya Pradesh,1,6,"ESI Dispensary,ESIC services, 7  civil line  near dubey auto servicing, Sagar, M.P.",075822-223850,67582001,disp-sagar.mp@esic.nic.in
14,Madhya Pradesh,1,7,"ESI Dispensary, Orient Paper Mill Area-- Amlai (Shahdol) M.P.",07652-286491,67652001,disp[hypen]amlai[dot]mp[at]esic[dot]nic[dot]in
14,Madhya Pradesh,1,8,"ESI Dispensary, Near Chanchala Bai College, Wright Town Jabalpur, M.P.",0761-2622532,60761004,disp-jabalpur.mp@esic.nic.in
14,Madhya Pradesh,1,9,"ESI Dispensary, Narmada Nagar, Raddi Chouki, Aadhartaal-- Jabalpur, M.P.",0761-2622532,60761001,disp[hypen]adhartal[dot]mp[at]esic[dot]nic[dot]in
14,Madhya Pradesh,1,10,"Jabalpur Road, Kachghar Colony, Jabalpur, Madhya Pradesh-482002",0761-2622532,60761007,disp[hypen]jabalpur[dot]mp[at]esic[dot]nic[dot]in
14,Madhya Pradesh,2,Madhya Pradesh
14,Madhya Pradesh,2,1,"Opposite Central Library, Bharat Talkies, Itwara, Seedia School Colony, Peer Gate Area, Bhopal, Madhya Pradesh 462001",0755-2759365,60755007,disp[hypen]itwara[dot]mp[at]esic[dot]nic[dot]in
14,Madhya Pradesh,2,2,"Ashoka Garden Rd, Gurudwara Market, New Subhash Nagar, Gurunanak Pura, Ashoka Garden, Bhopal, Madhya Pradesh 462023",0755-2759365,60755004,disp-bhopal.mp@esic.nic.in
14,Madhya Pradesh,2,3,"Near Bima Astal, Sonagiri, Bhopal, Madhya Pradesh 462022",0755-2759365,60755001,disp[hypen]bhopal[dot]mp[at]esic[dot]nic[dot]in
14,Madhya Pradesh,2,4,"462046, Patel Nagar, Industrial Area, Mandideep, Bhopal, Madhya Pradesh 462046",07480-233430,67480001,disp[hypen]satlapur[dot]mp[at]esic[dot]nic[dot]in
14,Madhya Pradesh,2,5,"ESI Dispensary, Indira Nagar Mandideep, Raisen, M.P.",07480-233430,67480004,disp[hypen]indiranagar[dot]mp[at]esic[dot]nic[dot]in
14,Madhya Pradesh,2,6,"ESI Dispensary,ESIC services, 7  civil line  near dubey auto servicing, Sagar, M.P.",075822-223850,67582001,disp-sagar.mp@esic.nic.in
14,Madhya Pradesh,2,7,"ESI Dispensary, Orient Paper Mill Area-- Amlai (Shahdol) M.P.",07652-286491,67652001,disp[hypen]amlai[dot]mp[at]esic[dot]nic[dot]in
14,Madhya Pradesh,2,8,"ESI Dispensary, Near Chanchala Bai College, Wright Town Jabalpur, M.P.",0761-2622532,60761004,disp-jabalpur.mp@esic.nic.in
14,Madhya Pradesh,2,9,"ESI Dispensary, Narmada Nagar, Raddi Chouki, Aadhartaal-- Jabalpur, M.P.",0761-2622532,60761001,disp[hypen]adhartal[dot]mp[at]esic[dot]nic[dot]in
14,Madhya Pradesh,2,10,"Jabalpur Road, Kachghar Colony, Jabalpur, Madhya Pradesh-482002",0761-2622532,60761007,disp[hypen]jabalpur[dot]mp[at]esic[dot]nic[dot]in
14,Madhya Pradesh,3,Madhya Pradesh
14,Madhya Pradesh,3,1,"Opposite Central Library, Bharat Talkies, Itwara, Seedia School Colony, Peer Gate Area, Bhopal, Madhya Pradesh 462001",0755-2759365,60755007,disp[hypen]itwara[dot]mp[at]esic[dot]nic[dot]in
14,Madhya Pradesh,3,2,"Ashoka Garden Rd, Gurudwara Market, New Subhash Nagar, Gurunanak Pura, Ashoka Garden, Bhopal, Madhya Pradesh 462023",0755-2759365,60755004,disp-bhopal.mp@esic.nic.in
14,Madhya Pradesh,3,3,"Near Bima Astal, Sonagiri, Bhopal, Madhya Pradesh 462022",0755-2759365,60755001,disp[hypen]bhopal[dot]mp[at]esic[dot]nic[dot]in
14,Madhya Pradesh,3,4,"462046, Patel Nagar, Industrial Area, Mandideep, Bhopal, Madhya Pradesh 462046",07480-233430,67480001,disp[hypen]satlapur[dot]mp[at]esic[dot]nic[dot]in
14,Madhya Pradesh,3,5,"ESI Dispensary, Indira Nagar Mandideep, Raisen, M.P.",07480-233430,67480004,disp[hypen]indiranagar[dot]mp[at]esic[dot]nic[dot]in
14,Madhya Pradesh,3,6,"ESI Dispensary,ESIC services, 7  civil line  near dubey auto servicing, Sagar, M.P.",075822-223850,67582001,disp-sagar.mp@esic.nic.in
14,Madhya Pradesh,3,7,"ESI Dispensary, Orient Paper Mill Area-- Amlai (Shahdol) M.P.",07652-286491,67652001,disp[hypen]amlai[dot]mp[at]esic[dot]nic[dot]in
14,Madhya Pradesh,3,8,"ESI Dispensary, Near Chanchala Bai College, Wright Town Jabalpur, M.P.",0761-2622532,60761004,disp-jabalpur.mp@esic.nic.in
14,Madhya Pradesh,3,9,"ESI Dispensary, Narmada Nagar, Raddi Chouki, Aadhartaal-- Jabalpur, M.P.",0761-2622532,60761001,disp[hypen]adhartal[dot]mp[at]esic[dot]nic[dot]in
14,Madhya Pradesh,3,10,"Jabalpur Road, Kachghar Colony, Jabalpur, Madhya Pradesh-482002",0761-2622532,60761007,disp[hypen]jabalpur[dot]mp[at]esic[dot]nic[dot]in
14,Madhya Pradesh,4,Madhya Pradesh
14,Madhya Pradesh,4,1,"Opposite Central Library, Bharat Talkies, Itwara, Seedia School Colony, Peer Gate Area, Bhopal, Madhya Pradesh 462001",0755-2759365,60755007,disp[hypen]itwara[dot]mp[at]esic[dot]nic[dot]in
14,Madhya Pradesh,4,2,"Ashoka Garden Rd, Gurudwara Market, New Subhash Nagar, Gurunanak Pura, Ashoka Garden, Bhopal, Madhya Pradesh 462023",0755-2759365,60755004,disp-bhopal.mp@esic.nic.in
14,Madhya Pradesh,4,3,"Near Bima Astal, Sonagiri, Bhopal, Madhya Pradesh 462022",0755-2759365,60755001,disp[hypen]bhopal[dot]mp[at]esic[dot]nic[dot]in
14,Madhya Pradesh,4,4,"462046, Patel Nagar, Industrial Area, Mandideep, Bhopal, Madhya Pradesh 462046",07480-233430,67480001,disp[hypen]satlapur[dot]mp[at]esic[dot]nic[dot]in
14,Madhya Pradesh,4,5,"ESI Dispensary, Indira Nagar Mandideep, Raisen, M.P.",07480-233430,67480004,disp[hypen]indiranagar[dot]mp[at]esic[dot]nic[dot]in
14,Madhya Pradesh,4,6,"ESI Dispensary,ESIC services, 7  civil line  near dubey auto servicing, Sagar, M.P.",075822-223850,67582001,disp-sagar.mp@esic.nic.in
14,Madhya Pradesh,4,7,"ESI Dispensary, Orient Paper Mill Area-- Amlai (Shahdol) M.P.",07652-286491,67652001,disp[hypen]amlai[dot]mp[at]esic[dot]nic[dot]in
14,Madhya Pradesh,4,8,"ESI Dispensary, Near Chanchala Bai College, Wright Town Jabalpur, M.P.",0761-2622532,60761004,disp-jabalpur.mp@esic.nic.in
14,Madhya Pradesh,4,9,"ESI Dispensary, Narmada Nagar, Raddi Chouki, Aadhartaal-- Jabalpur, M.P.",0761-2622532,60761001,disp[hypen]adhartal[dot]mp[at]esic[dot]nic[dot]in
14,Madhya Pradesh,4,10,"Jabalpur Road, Kachghar Colony, Jabalpur, Madhya Pradesh-482002",0761-2622532,60761007,disp[hypen]jabalpur[dot]mp[at]esic[dot]nic[dot]in
14,Madhya Pradesh,5,Madhya Pradesh
14,Madhya Pradesh,5,1,"Opposite Central Library, Bharat Talkies, Itwara, Seedia School Colony, Peer Gate Area, Bhopal, Madhya Pradesh 462001",0755-2759365,60755007,disp[hypen]itwara[dot]mp[at]esic[dot]nic[dot]in
14,Madhya Pradesh,5,2,"Ashoka Garden Rd, Gurudwara Market, New Subhash Nagar, Gurunanak Pura, Ashoka Garden, Bhopal, Madhya Pradesh 462023",0755-2759365,60755004,disp-bhopal.mp@esic.nic.in
14,Madhya Pradesh,5,3,"Near Bima Astal, Sonagiri, Bhopal, Madhya Pradesh 462022",0755-2759365,60755001,disp[hypen]bhopal[dot]mp[at]esic[dot]nic[dot]in
14,Madhya Pradesh,5,4,"462046, Patel Nagar, Industrial Area, Mandideep, Bhopal, Madhya Pradesh 462046",07480-233430,67480001,disp[hypen]satlapur[dot]mp[at]esic[dot]nic[dot]in
14,Madhya Pradesh,5,5,"ESI Dispensary, Indira Nagar Mandideep, Raisen, M.P.",07480-233430,67480004,disp[hypen]indiranagar[dot]mp[at]esic[dot]nic[dot]in
14,Madhya Pradesh,5,6,"ESI Dispensary,ESIC services, 7  civil line  near dubey auto servicing, Sagar, M.P.",075822-223850,67582001,disp-sagar.mp@esic.nic.in
14,Madhya Pradesh,5,7,"ESI Dispensary, Orient Paper Mill Area-- Amlai (Shahdol) M.P.",07652-286491,67652001,disp[hypen]amlai[dot]mp[at]esic[dot]nic[dot]in
14,Madhya Pradesh,5,8,"ESI Dispensary, Near Chanchala Bai College, Wright Town Jabalpur, M.P.",0761-2622532,60761004,disp-jabalpur.mp@esic.nic.in
14,Madhya Pradesh,5,9,"ESI Dispensary, Narmada Nagar, Raddi Chouki, Aadhartaal-- Jabalpur, M.P.",0761-2622532,60761001,disp[hypen]adhartal[dot]mp[at]esic[dot]nic[dot]in
14,Madhya Pradesh,5,10,"Jabalpur Road, Kachghar Colony, Jabalpur, Madhya Pradesh-482002",0761-2622532,60761007,disp[hypen]jabalpur[dot]mp[at]esic[dot]nic[dot]in
14,Madhya Pradesh,6,Madhya Pradesh
14,Madhya Pradesh,6,1,"Opposite Central Library, Bharat Talkies, Itwara, Seedia School Colony, Peer Gate Area, Bhopal, Madhya Pradesh 462001",0755-2759365,60755007,disp[hypen]itwara[dot]mp[at]esic[dot]nic[dot]in
14,Madhya Pradesh,6,2,"Ashoka Garden Rd, Gurudwara Market, New Subhash Nagar, Gurunanak Pura, Ashoka Garden, Bhopal, Madhya Pradesh 462023",0755-2759365,60755004,disp-bhopal.mp@esic.nic.in
14,Madhya Pradesh,6,3,"Near Bima Astal, Sonagiri, Bhopal, Madhya Pradesh 462022",0755-2759365,60755001,disp[hypen]bhopal[dot]mp[at]esic[dot]nic[dot]in
14,Madhya Pradesh,6,4,"462046, Patel Nagar, Industrial Area, Mandideep, Bhopal, Madhya Pradesh 462046",07480-233430,67480001,disp[hypen]satlapur[dot]mp[at]esic[dot]nic[dot]in
14,Madhya Pradesh,6,5,"ESI Dispensary, Indira Nagar Mandideep, Raisen, M.P.",07480-233430,67480004,disp[hypen]indiranagar[dot]mp[at]esic[dot]nic[dot]in
14,Madhya Pradesh,6,6,"ESI Dispensary,ESIC services, 7  civil line  near dubey auto servicing, Sagar, M.P.",075822-223850,67582001,disp-sagar.mp@esic.nic.in
14,Madhya Pradesh,6,7,"ESI Dispensary, Orient Paper Mill Area-- Amlai (Shahdol) M.P.",07652-286491,67652001,disp[hypen]amlai[dot]mp[at]esic[dot]nic[dot]in
14,Madhya Pradesh,6,8,"ESI Dispensary, Near Chanchala Bai College, Wright Town Jabalpur, M.P.",0761-2622532,60761004,disp-jabalpur.mp@esic.nic.in
14,Madhya Pradesh,6,9,"ESI Dispensary, Narmada Nagar, Raddi Chouki, Aadhartaal-- Jabalpur, M.P.",0761-2622532,60761001,disp[hypen]adhartal[dot]mp[at]esic[dot]nic[dot]in
14,Madhya Pradesh,6,10,"Jabalpur Road, Kachghar Colony, Jabalpur, Madhya Pradesh-482002",0761-2622532,60761007,disp[hypen]jabalpur[dot]mp[at]esic[dot]nic[dot]in
14,Madhya Pradesh,7,Madhya Pradesh
14,Madhya Pradesh,7,1,"Opposite Central Library, Bharat Talkies, Itwara, Seedia School Colony, Peer Gate Area, Bhopal, Madhya Pradesh 462001",0755-2759365,60755007,disp[hypen]itwara[dot]mp[at]esic[dot]nic[dot]in
14,Madhya Pradesh,7,2,"Ashoka Garden Rd, Gurudwara Market, New Subhash Nagar, Gurunanak Pura, Ashoka Garden, Bhopal, Madhya Pradesh 462023",0755-2759365,60755004,disp-bhopal.mp@esic.nic.in
14,Madhya Pradesh,7,3,"Near Bima Astal, Sonagiri, Bhopal, Madhya Pradesh 462022",0755-2759365,60755001,disp[hypen]bhopal[dot]mp[at]esic[dot]nic[dot]in
14,Madhya Pradesh,7,4,"462046, Patel Nagar, Industrial Area, Mandideep, Bhopal, Madhya Pradesh 462046",07480-233430,67480001,disp[hypen]satlapur[dot]mp[at]esic[dot]nic[dot]in
14,Madhya Pradesh,7,5,"ESI Dispensary, Indira Nagar Mandideep, Raisen, M.P.",07480-233430,67480004,disp[hypen]indiranagar[dot]mp[at]esic[dot]nic[dot]in
14,Madhya Pradesh,7,6,"ESI Dispensary,ESIC services, 7  civil line  near dubey auto servicing, Sagar, M.P.",075822-223850,67582001,disp-sagar.mp@esic.nic.in
14,Madhya Pradesh,7,7,"ESI Dispensary, Orient Paper Mill Area-- Amlai (Shahdol) M.P.",07652-286491,67652001,disp[hypen]amlai[dot]mp[at]esic[dot]nic[dot]in
14,Madhya Pradesh,7,8,"ESI Dispensary, Near Chanchala Bai College, Wright Town Jabalpur, M.P.",0761-2622532,60761004,disp-jabalpur.mp@esic.nic.in
14,Madhya Pradesh,7,9,"ESI Dispensary, Narmada Nagar, Raddi Chouki, Aadhartaal-- Jabalpur, M.P.",0761-2622532,60761001,disp[hypen]adhartal[dot]mp[at]esic[dot]nic[dot]in
14,Madhya Pradesh,7,10,"Jabalpur Road, Kachghar Colony, Jabalpur, Madhya Pradesh-482002",0761-2622532,60761007,disp[hypen]jabalpur[dot]mp[at]esic[dot]nic[dot]in
15,Maharashtra,1,Maharashtra
15,Maharashtra,1,1,"ESI DISPENSARY TARABAI ROAD KOLHAPUR
1827B, A-Ward, Tarabai Park, Kolhapur.",231-2322406,60231001 to 60231003,disp[hypen]tarabairoad[dot]mh[at]esic[dot]nic[dot]in
15,Maharashtra,1,2,"ESIS DISPENSARY SATARA
Old Civil Hospital, Satara",0216-2239533,62162001 to 62162003,disp-satara.mh@esic.nic.in
15,Maharashtra,1,3,"ESI Dispensary Sangli
Rajawada Chowk, Sangli",0233-2377636,60233001 to 60233003,disp[hypen]sangli[dot]mh[at]esic[dot]nic[dot]in
15,Maharashtra,1,4,"ESI Dispensary Nagala PARK 443 Sitaram Bldg, Nagla Park Kolhapur.",0231-2633197,60231007 to 60231009,disp[hypen]naglapark[dot]mh[at]esic[dot]nic[dot]in
15,Maharashtra,1,5,"ESI Dispensary Laxmi peth 159160, Laxmi peth Solapur",0217-2380412,60217007 to 602170078,ms[hypen]sholapur[dot]mh[at]esic[dot]nic[dot]in
15,Maharashtra,1,6,"ESI Dispensary Miraj 47644765, Guruwar Peth, Gurukrupa Hospital Building, Miraj-416410",0233-2222604,60233004 to 60233006,disp[hypen]miraj[dot]mh[at]esic[dot]nic[dot]in
15,Maharashtra,1,7,"ESI Dispensary Ichalkaranji industrial estate , Ichalkaranji-416115 , DIST. KOHLAPUR",0230-3437302,602231010 to 60231012,disp[hypen]ichalkaranji[dot]mh[at]esic[dot]nic[dot]in
15,Maharashtra,1,8,"Hotgi Rd, near Idaga Ground, Ratandeep Housing Society, Solapur, Maharashtra-413003",0217-2600560,0,ms[hypen]sholapur[dot]mh[at]esic[dot]nic[dot]in
15,Maharashtra,1,9,"ESI Dispensary Hadapsar, Badage Building, Survey No. 2-6162 Gadital hadapsar-Pune-28",020-25999178,60020001 to 60020003,disp[hypen]hadapsar[dot]mh[at]esic[dot]nic[dot]in
15,Maharashtra,1,10,"No.690, Nashik - Pune Highway, Vitthal Arcade, Gavhanevasti, Bhosari, Pimpri-Chinchwad, Maharashtra 411039",020-27452424,0,disp[hypen]chinchwad[dot]mh[at]esic[dot]nic[dot]in
15,Maharashtra,2,Maharashtra
15,Maharashtra,2,1,"ESI DISPENSARY TARABAI ROAD KOLHAPUR
1827B, A-Ward, Tarabai Park, Kolhapur.",231-2322406,60231001 to 60231003,disp[hypen]tarabairoad[dot]mh[at]esic[dot]nic[dot]in
15,Maharashtra,2,2,"ESIS DISPENSARY SATARA
Old Civil Hospital, Satara",0216-2239533,62162001 to 62162003,disp-satara.mh@esic.nic.in
15,Maharashtra,2,3,"ESI Dispensary Sangli
Rajawada Chowk, Sangli",0233-2377636,60233001 to 60233003,disp[hypen]sangli[dot]mh[at]esic[dot]nic[dot]in
15,Maharashtra,2,4,"ESI Dispensary Nagala PARK 443 Sitaram Bldg, Nagla Park Kolhapur.",0231-2633197,60231007 to 60231009,disp[hypen]naglapark[dot]mh[at]esic[dot]nic[dot]in
15,Maharashtra,2,5,"ESI Dispensary Laxmi peth 159160, Laxmi peth Solapur",0217-2380412,60217007 to 602170078,ms[hypen]sholapur[dot]mh[at]esic[dot]nic[dot]in
15,Maharashtra,2,6,"ESI Dispensary Miraj 47644765, Guruwar Peth, Gurukrupa Hospital Building, Miraj-416410",0233-2222604,60233004 to 60233006,disp[hypen]miraj[dot]mh[at]esic[dot]nic[dot]in
15,Maharashtra,2,7,"ESI Dispensary Ichalkaranji industrial estate , Ichalkaranji-416115 , DIST. KOHLAPUR",0230-3437302,602231010 to 60231012,disp[hypen]ichalkaranji[dot]mh[at]esic[dot]nic[dot]in
15,Maharashtra,2,8,"Hotgi Rd, near Idaga Ground, Ratandeep Housing Society, Solapur, Maharashtra-413003",0217-2600560,0,ms[hypen]sholapur[dot]mh[at]esic[dot]nic[dot]in
15,Maharashtra,2,9,"ESI Dispensary Hadapsar, Badage Building, Survey No. 2-6162 Gadital hadapsar-Pune-28",020-25999178,60020001 to 60020003,disp[hypen]hadapsar[dot]mh[at]esic[dot]nic[dot]in
15,Maharashtra,2,10,"No.690, Nashik - Pune Highway, Vitthal Arcade, Gavhanevasti, Bhosari, Pimpri-Chinchwad, Maharashtra 411039",020-27452424,0,disp[hypen]chinchwad[dot]mh[at]esic[dot]nic[dot]in
15,Maharashtra,3,Maharashtra
15,Maharashtra,3,1,"ESI DISPENSARY TARABAI ROAD KOLHAPUR
1827B, A-Ward, Tarabai Park, Kolhapur.",231-2322406,60231001 to 60231003,disp[hypen]tarabairoad[dot]mh[at]esic[dot]nic[dot]in
15,Maharashtra,3,2,"ESIS DISPENSARY SATARA
Old Civil Hospital, Satara",0216-2239533,62162001 to 62162003,disp-satara.mh@esic.nic.in
15,Maharashtra,3,3,"ESI Dispensary Sangli
Rajawada Chowk, Sangli",0233-2377636,60233001 to 60233003,disp[hypen]sangli[dot]mh[at]esic[dot]nic[dot]in
15,Maharashtra,3,4,"ESI Dispensary Nagala PARK 443 Sitaram Bldg, Nagla Park Kolhapur.",0231-2633197,60231007 to 60231009,disp[hypen]naglapark[dot]mh[at]esic[dot]nic[dot]in
15,Maharashtra,3,5,"ESI Dispensary Laxmi peth 159160, Laxmi peth Solapur",0217-2380412,60217007 to 602170078,ms[hypen]sholapur[dot]mh[at]esic[dot]nic[dot]in
15,Maharashtra,3,6,"ESI Dispensary Miraj 47644765, Guruwar Peth, Gurukrupa Hospital Building, Miraj-416410",0233-2222604,60233004 to 60233006,disp[hypen]miraj[dot]mh[at]esic[dot]nic[dot]in
15,Maharashtra,3,7,"ESI Dispensary Ichalkaranji industrial estate , Ichalkaranji-416115 , DIST. KOHLAPUR",0230-3437302,602231010 to 60231012,disp[hypen]ichalkaranji[dot]mh[at]esic[dot]nic[dot]in
15,Maharashtra,3,8,"Hotgi Rd, near Idaga Ground, Ratandeep Housing Society, Solapur, Maharashtra-413003",0217-2600560,0,ms[hypen]sholapur[dot]mh[at]esic[dot]nic[dot]in
15,Maharashtra,3,9,"ESI Dispensary Hadapsar, Badage Building, Survey No. 2-6162 Gadital hadapsar-Pune-28",020-25999178,60020001 to 60020003,disp[hypen]hadapsar[dot]mh[at]esic[dot]nic[dot]in
15,Maharashtra,3,10,"No.690, Nashik - Pune Highway, Vitthal Arcade, Gavhanevasti, Bhosari, Pimpri-Chinchwad, Maharashtra 411039",020-27452424,0,disp[hypen]chinchwad[dot]mh[at]esic[dot]nic[dot]in
15,Maharashtra,4,Maharashtra
15,Maharashtra,4,1,"ESI DISPENSARY TARABAI ROAD KOLHAPUR
1827B, A-Ward, Tarabai Park, Kolhapur.",231-2322406,60231001 to 60231003,disp[hypen]tarabairoad[dot]mh[at]esic[dot]nic[dot]in
15,Maharashtra,4,2,"ESIS DISPENSARY SATARA
Old Civil Hospital, Satara",0216-2239533,62162001 to 62162003,disp-satara.mh@esic.nic.in
15,Maharashtra,4,3,"ESI Dispensary Sangli
Rajawada Chowk, Sangli",0233-2377636,60233001 to 60233003,disp[hypen]sangli[dot]mh[at]esic[dot]nic[dot]in
15,Maharashtra,4,4,"ESI Dispensary Nagala PARK 443 Sitaram Bldg, Nagla Park Kolhapur.",0231-2633197,60231007 to 60231009,disp[hypen]naglapark[dot]mh[at]esic[dot]nic[dot]in
15,Maharashtra,4,5,"ESI Dispensary Laxmi peth 159160, Laxmi peth Solapur",0217-2380412,60217007 to 602170078,ms[hypen]sholapur[dot]mh[at]esic[dot]nic[dot]in
15,Maharashtra,4,6,"ESI Dispensary Miraj 47644765, Guruwar Peth, Gurukrupa Hospital Building, Miraj-416410",0233-2222604,60233004 to 60233006,disp[hypen]miraj[dot]mh[at]esic[dot]nic[dot]in
15,Maharashtra,4,7,"ESI Dispensary Ichalkaranji industrial estate , Ichalkaranji-416115 , DIST. KOHLAPUR",0230-3437302,602231010 to 60231012,disp[hypen]ichalkaranji[dot]mh[at]esic[dot]nic[dot]in
15,Maharashtra,4,8,"Hotgi Rd, near Idaga Ground, Ratandeep Housing Society, Solapur, Maharashtra-413003",0217-2600560,0,ms[hypen]sholapur[dot]mh[at]esic[dot]nic[dot]in
15,Maharashtra,4,9,"ESI Dispensary Hadapsar, Badage Building, Survey No. 2-6162 Gadital hadapsar-Pune-28",020-25999178,60020001 to 60020003,disp[hypen]hadapsar[dot]mh[at]esic[dot]nic[dot]in
15,Maharashtra,4,10,"No.690, Nashik - Pune Highway, Vitthal Arcade, Gavhanevasti, Bhosari, Pimpri-Chinchwad, Maharashtra 411039",020-27452424,0,disp[hypen]chinchwad[dot]mh[at]esic[dot]nic[dot]in
15,Maharashtra,5,Maharashtra
15,Maharashtra,5,1,"ESI DISPENSARY TARABAI ROAD KOLHAPUR
1827B, A-Ward, Tarabai Park, Kolhapur.",231-2322406,60231001 to 60231003,disp[hypen]tarabairoad[dot]mh[at]esic[dot]nic[dot]in
15,Maharashtra,5,2,"ESIS DISPENSARY SATARA
Old Civil Hospital, Satara",0216-2239533,62162001 to 62162003,disp-satara.mh@esic.nic.in
15,Maharashtra,5,3,"ESI Dispensary Sangli
Rajawada Chowk, Sangli",0233-2377636,60233001 to 60233003,disp[hypen]sangli[dot]mh[at]esic[dot]nic[dot]in
15,Maharashtra,5,4,"ESI Dispensary Nagala PARK 443 Sitaram Bldg, Nagla Park Kolhapur.",0231-2633197,60231007 to 60231009,disp[hypen]naglapark[dot]mh[at]esic[dot]nic[dot]in
15,Maharashtra,5,5,"ESI Dispensary Laxmi peth 159160, Laxmi peth Solapur",0217-2380412,60217007 to 602170078,ms[hypen]sholapur[dot]mh[at]esic[dot]nic[dot]in
15,Maharashtra,5,6,"ESI Dispensary Miraj 47644765, Guruwar Peth, Gurukrupa Hospital Building, Miraj-416410",0233-2222604,60233004 to 60233006,disp[hypen]miraj[dot]mh[at]esic[dot]nic[dot]in
15,Maharashtra,5,7,"ESI Dispensary Ichalkaranji industrial estate , Ichalkaranji-416115 , DIST. KOHLAPUR",0230-3437302,602231010 to 60231012,disp[hypen]ichalkaranji[dot]mh[at]esic[dot]nic[dot]in
15,Maharashtra,5,8,"Hotgi Rd, near Idaga Ground, Ratandeep Housing Society, Solapur, Maharashtra-413003",0217-2600560,0,ms[hypen]sholapur[dot]mh[at]esic[dot]nic[dot]in
15,Maharashtra,5,9,"ESI Dispensary Hadapsar, Badage Building, Survey No. 2-6162 Gadital hadapsar-Pune-28",020-25999178,60020001 to 60020003,disp[hypen]hadapsar[dot]mh[at]esic[dot]nic[dot]in
15,Maharashtra,5,10,"No.690, Nashik - Pune Highway, Vitthal Arcade, Gavhanevasti, Bhosari, Pimpri-Chinchwad, Maharashtra 411039",020-27452424,0,disp[hypen]chinchwad[dot]mh[at]esic[dot]nic[dot]in
15,Maharashtra,6,Maharashtra
15,Maharashtra,6,1,"ESI DISPENSARY TARABAI ROAD KOLHAPUR
1827B, A-Ward, Tarabai Park, Kolhapur.",231-2322406,60231001 to 60231003,disp[hypen]tarabairoad[dot]mh[at]esic[dot]nic[dot]in
15,Maharashtra,6,2,"ESIS DISPENSARY SATARA
Old Civil Hospital, Satara",0216-2239533,62162001 to 62162003,disp-satara.mh@esic.nic.in
15,Maharashtra,6,3,"ESI Dispensary Sangli
Rajawada Chowk, Sangli",0233-2377636,60233001 to 60233003,disp[hypen]sangli[dot]mh[at]esic[dot]nic[dot]in
15,Maharashtra,6,4,"ESI Dispensary Nagala PARK 443 Sitaram Bldg, Nagla Park Kolhapur.",0231-2633197,60231007 to 60231009,disp[hypen]naglapark[dot]mh[at]esic[dot]nic[dot]in
15,Maharashtra,6,5,"ESI Dispensary Laxmi peth 159160, Laxmi peth Solapur",0217-2380412,60217007 to 602170078,ms[hypen]sholapur[dot]mh[at]esic[dot]nic[dot]in
15,Maharashtra,6,6,"ESI Dispensary Miraj 47644765, Guruwar Peth, Gurukrupa Hospital Building, Miraj-416410",0233-2222604,60233004 to 60233006,disp[hypen]miraj[dot]mh[at]esic[dot]nic[dot]in
15,Maharashtra,6,7,"ESI Dispensary Ichalkaranji industrial estate , Ichalkaranji-416115 , DIST. KOHLAPUR",0230-3437302,602231010 to 60231012,disp[hypen]ichalkaranji[dot]mh[at]esic[dot]nic[dot]in
15,Maharashtra,6,8,"Hotgi Rd, near Idaga Ground, Ratandeep Housing Society, Solapur, Maharashtra-413003",0217-2600560,0,ms[hypen]sholapur[dot]mh[at]esic[dot]nic[dot]in
15,Maharashtra,6,9,"ESI Dispensary Hadapsar, Badage Building, Survey No. 2-6162 Gadital hadapsar-Pune-28",020-25999178,60020001 to 60020003,disp[hypen]hadapsar[dot]mh[at]esic[dot]nic[dot]in
15,Maharashtra,6,10,"No.690, Nashik - Pune Highway, Vitthal Arcade, Gavhanevasti, Bhosari, Pimpri-Chinchwad, Maharashtra 411039",020-27452424,0,disp[hypen]chinchwad[dot]mh[at]esic[dot]nic[dot]in
15,Maharashtra,7,Maharashtra
15,Maharashtra,7,1,"ESI DISPENSARY TARABAI ROAD KOLHAPUR
1827B, A-Ward, Tarabai Park, Kolhapur.",231-2322406,60231001 to 60231003,disp[hypen]tarabairoad[dot]mh[at]esic[dot]nic[dot]in
15,Maharashtra,7,2,"ESIS DISPENSARY SATARA
Old Civil Hospital, Satara",0216-2239533,62162001 to 62162003,disp-satara.mh@esic.nic.in
15,Maharashtra,7,3,"ESI Dispensary Sangli
Rajawada Chowk, Sangli",0233-2377636,60233001 to 60233003,disp[hypen]sangli[dot]mh[at]esic[dot]nic[dot]in
15,Maharashtra,7,4,"ESI Dispensary Nagala PARK 443 Sitaram Bldg, Nagla Park Kolhapur.",0231-2633197,60231007 to 60231009,disp[hypen]naglapark[dot]mh[at]esic[dot]nic[dot]in
15,Maharashtra,7,5,"ESI Dispensary Laxmi peth 159160, Laxmi peth Solapur",0217-2380412,60217007 to 602170078,ms[hypen]sholapur[dot]mh[at]esic[dot]nic[dot]in
15,Maharashtra,7,6,"ESI Dispensary Miraj 47644765, Guruwar Peth, Gurukrupa Hospital Building, Miraj-416410",0233-2222604,60233004 to 60233006,disp[hypen]miraj[dot]mh[at]esic[dot]nic[dot]in
15,Maharashtra,7,7,"ESI Dispensary Ichalkaranji industrial estate , Ichalkaranji-416115 , DIST. KOHLAPUR",0230-3437302,602231010 to 60231012,disp[hypen]ichalkaranji[dot]mh[at]esic[dot]nic[dot]in
15,Maharashtra,7,8,"Hotgi Rd, near Idaga Ground, Ratandeep Housing Society, Solapur, Maharashtra-413003",0217-2600560,0,ms[hypen]sholapur[dot]mh[at]esic[dot]nic[dot]in
15,Maharashtra,7,9,"ESI Dispensary Hadapsar, Badage Building, Survey No. 2-6162 Gadital hadapsar-Pune-28",020-25999178,60020001 to 60020003,disp[hypen]hadapsar[dot]mh[at]esic[dot]nic[dot]in
15,Maharashtra,7,10,"No.690, Nashik - Pune Highway, Vitthal Arcade, Gavhanevasti, Bhosari, Pimpri-Chinchwad, Maharashtra 411039",020-27452424,0,disp[hypen]chinchwad[dot]mh[at]esic[dot]nic[dot]in
15,Maharashtra,8,Maharashtra
15,Maharashtra,8,1,"ESI DISPENSARY TARABAI ROAD KOLHAPUR
1827B, A-Ward, Tarabai Park, Kolhapur.",231-2322406,60231001 to 60231003,disp[hypen]tarabairoad[dot]mh[at]esic[dot]nic[dot]in
15,Maharashtra,8,2,"ESIS DISPENSARY SATARA
Old Civil Hospital, Satara",0216-2239533,62162001 to 62162003,disp-satara.mh@esic.nic.in
15,Maharashtra,8,3,"ESI Dispensary Sangli
Rajawada Chowk, Sangli",0233-2377636,60233001 to 60233003,disp[hypen]sangli[dot]mh[at]esic[dot]nic[dot]in
15,Maharashtra,8,4,"ESI Dispensary Nagala PARK 443 Sitaram Bldg, Nagla Park Kolhapur.",0231-2633197,60231007 to 60231009,disp[hypen]naglapark[dot]mh[at]esic[dot]nic[dot]in
15,Maharashtra,8,5,"ESI Dispensary Laxmi peth 159160, Laxmi peth Solapur",0217-2380412,60217007 to 602170078,ms[hypen]sholapur[dot]mh[at]esic[dot]nic[dot]in
15,Maharashtra,8,6,"ESI Dispensary Miraj 47644765, Guruwar Peth, Gurukrupa Hospital Building, Miraj-416410",0233-2222604,60233004 to 60233006,disp[hypen]miraj[dot]mh[at]esic[dot]nic[dot]in
15,Maharashtra,8,7,"ESI Dispensary Ichalkaranji industrial estate , Ichalkaranji-416115 , DIST. KOHLAPUR",0230-3437302,602231010 to 60231012,disp[hypen]ichalkaranji[dot]mh[at]esic[dot]nic[dot]in
15,Maharashtra,8,8,"Hotgi Rd, near Idaga Ground, Ratandeep Housing Society, Solapur, Maharashtra-413003",0217-2600560,0,ms[hypen]sholapur[dot]mh[at]esic[dot]nic[dot]in
15,Maharashtra,8,9,"ESI Dispensary Hadapsar, Badage Building, Survey No. 2-6162 Gadital hadapsar-Pune-28",020-25999178,60020001 to 60020003,disp[hypen]hadapsar[dot]mh[at]esic[dot]nic[dot]in
15,Maharashtra,8,10,"No.690, Nashik - Pune Highway, Vitthal Arcade, Gavhanevasti, Bhosari, Pimpri-Chinchwad, Maharashtra 411039",020-27452424,0,disp[hypen]chinchwad[dot]mh[at]esic[dot]nic[dot]in
15,Maharashtra,9,Maharashtra
15,Maharashtra,9,1,"ESI DISPENSARY TARABAI ROAD KOLHAPUR
1827B, A-Ward, Tarabai Park, Kolhapur.",231-2322406,60231001 to 60231003,disp[hypen]tarabairoad[dot]mh[at]esic[dot]nic[dot]in
15,Maharashtra,9,2,"ESIS DISPENSARY SATARA
Old Civil Hospital, Satara",0216-2239533,62162001 to 62162003,disp-satara.mh@esic.nic.in
15,Maharashtra,9,3,"ESI Dispensary Sangli
Rajawada Chowk, Sangli",0233-2377636,60233001 to 60233003,disp[hypen]sangli[dot]mh[at]esic[dot]nic[dot]in
15,Maharashtra,9,4,"ESI Dispensary Nagala PARK 443 Sitaram Bldg, Nagla Park Kolhapur.",0231-2633197,60231007 to 60231009,disp[hypen]naglapark[dot]mh[at]esic[dot]nic[dot]in
15,Maharashtra,9,5,"ESI Dispensary Laxmi peth 159160, Laxmi peth Solapur",0217-2380412,60217007 to 602170078,ms[hypen]sholapur[dot]mh[at]esic[dot]nic[dot]in
15,Maharashtra,9,6,"ESI Dispensary Miraj 47644765, Guruwar Peth, Gurukrupa Hospital Building, Miraj-416410",0233-2222604,60233004 to 60233006,disp[hypen]miraj[dot]mh[at]esic[dot]nic[dot]in
15,Maharashtra,9,7,"ESI Dispensary Ichalkaranji industrial estate , Ichalkaranji-416115 , DIST. KOHLAPUR",0230-3437302,602231010 to 60231012,disp[hypen]ichalkaranji[dot]mh[at]esic[dot]nic[dot]in
15,Maharashtra,9,8,"Hotgi Rd, near Idaga Ground, Ratandeep Housing Society, Solapur, Maharashtra-413003",0217-2600560,0,ms[hypen]sholapur[dot]mh[at]esic[dot]nic[dot]in
15,Maharashtra,9,9,"ESI Dispensary Hadapsar, Badage Building, Survey No. 2-6162 Gadital hadapsar-Pune-28",020-25999178,60020001 to 60020003,disp[hypen]hadapsar[dot]mh[at]esic[dot]nic[dot]in
15,Maharashtra,9,10,"No.690, Nashik - Pune Highway, Vitthal Arcade, Gavhanevasti, Bhosari, Pimpri-Chinchwad, Maharashtra 411039",020-27452424,0,disp[hypen]chinchwad[dot]mh[at]esic[dot]nic[dot]in
16,Odisha,1,Odisha
16,Odisha,1,1,"ESI Dispensary Damanjodi, I.M.O. IC, At Saraswati Vihar, PO-Damanjodi-763008, Dist-Koraput, Odisha",9437449376,NA,disp[hypen]damanjodi[dot]or[at]esic[dot]nic[dot]in
16,Odisha,1,2,"ESI Dispensary Khuntuni, House of Sri Prasant Kumar Pradhan, At: Rampei, PO: Khuntuni, Dist : Cuttack, Pin : 754029",9776515139,NA,disp[hypen]khuntuni[dot]or[at]esic[dot]nic[dot]in
16,Odisha,1,3,"ESI Dispensary TPM Area, P.O.-Daulatabad, Choudwar, Dist. -Cuttack",0671-2494351,NA,disp[hypen]tpmarea[at]esic[dot]nic[dot]in
16,Odisha,1,4,"E.S.I. Dispensary Meramundali, At/Post. Meramundali ( Near BSNL Telephone Exchange), Dist. Dhenkanal",6371435247,NA,disp[hypen]meramundali[dot]or[at]esic[dot]nic[dot]in
16,Odisha,1,5,"E.S.I. Dispensary Tangi, At: Tangi, P.O.Kotasahi, Cuttack",9439914363,NA,disp[hypen]tangi[at]esic[dot]nic[dot]in
16,Odisha,1,6,"ESI Dispensary Jharsuguda, I.M.O. I/C, PO-Jharsuguda-768203, Dist-Jharsuguda, Odisha",06645-270008,NA,disp[hypen]jharsuguda[dot]or[at]esic[dot]nic[dot]in
16,Odisha,1,7,"E.S.I. Dispensary Kalunga, AtPO-Kalunga,Dist-Sundargarh",06611-2660620,60661001,disp[hypen]kalunga[dot]or[at]esic[dot]nic[dot]in
16,Odisha,1,8,"E.S.I. Dispensary Ganjam, AtPO-Ganjam, Dist-Ganjam",06811-254344,66811001,disp[hypen]ganjam[dot]or[at]esic[dot]nic[dot]in
16,Odisha,1,9,"E.S.I. Dispensary,Rourkela-r,At/Po-Industrial Estate Pan Posh,Dist-Sundargarh, Pin : 769004",0661-2400482,66622004-06,disp[hypen]rourkela4[dot]or[at]esic[dot]nic[dot]in
16,Odisha,1,10,"E.S.I. Dispensary,Kapuria,At/PO-Kalyan Nagar,Dist:-Cuttack Pin-753013",9777675869,60671001-03,disp[hypen]khapuria[dot]or[at]esic[dot]nic[dot]in
16,Odisha,2,Odisha
16,Odisha,2,1,"ESI Dispensary Damanjodi, I.M.O. IC, At Saraswati Vihar, PO-Damanjodi-763008, Dist-Koraput, Odisha",9437449376,NA,disp[hypen]damanjodi[dot]or[at]esic[dot]nic[dot]in
16,Odisha,2,2,"ESI Dispensary Khuntuni, House of Sri Prasant Kumar Pradhan, At: Rampei, PO: Khuntuni, Dist : Cuttack, Pin : 754029",9776515139,NA,disp[hypen]khuntuni[dot]or[at]esic[dot]nic[dot]in
16,Odisha,2,3,"ESI Dispensary TPM Area, P.O.-Daulatabad, Choudwar, Dist. -Cuttack",0671-2494351,NA,disp[hypen]tpmarea[at]esic[dot]nic[dot]in
16,Odisha,2,4,"E.S.I. Dispensary Meramundali, At/Post. Meramundali ( Near BSNL Telephone Exchange), Dist. Dhenkanal",6371435247,NA,disp[hypen]meramundali[dot]or[at]esic[dot]nic[dot]in
16,Odisha,2,5,"E.S.I. Dispensary Tangi, At: Tangi, P.O.Kotasahi, Cuttack",9439914363,NA,disp[hypen]tangi[at]esic[dot]nic[dot]in
16,Odisha,2,6,"ESI Dispensary Jharsuguda, I.M.O. I/C, PO-Jharsuguda-768203, Dist-Jharsuguda, Odisha",06645-270008,NA,disp[hypen]jharsuguda[dot]or[at]esic[dot]nic[dot]in
16,Odisha,2,7,"E.S.I. Dispensary Kalunga, AtPO-Kalunga,Dist-Sundargarh",06611-2660620,60661001,disp[hypen]kalunga[dot]or[at]esic[dot]nic[dot]in
16,Odisha,2,8,"E.S.I. Dispensary Ganjam, AtPO-Ganjam, Dist-Ganjam",06811-254344,66811001,disp[hypen]ganjam[dot]or[at]esic[dot]nic[dot]in
16,Odisha,2,9,"E.S.I. Dispensary,Rourkela-r,At/Po-Industrial Estate Pan Posh,Dist-Sundargarh, Pin : 769004",0661-2400482,66622004-06,disp[hypen]rourkela4[dot]or[at]esic[dot]nic[dot]in
16,Odisha,2,10,"E.S.I. Dispensary,Kapuria,At/PO-Kalyan Nagar,Dist:-Cuttack Pin-753013",9777675869,60671001-03,disp[hypen]khapuria[dot]or[at]esic[dot]nic[dot]in
16,Odisha,3,Odisha
16,Odisha,3,1,"ESI Dispensary Damanjodi, I.M.O. IC, At Saraswati Vihar, PO-Damanjodi-763008, Dist-Koraput, Odisha",9437449376,NA,disp[hypen]damanjodi[dot]or[at]esic[dot]nic[dot]in
16,Odisha,3,2,"ESI Dispensary Khuntuni, House of Sri Prasant Kumar Pradhan, At: Rampei, PO: Khuntuni, Dist : Cuttack, Pin : 754029",9776515139,NA,disp[hypen]khuntuni[dot]or[at]esic[dot]nic[dot]in
16,Odisha,3,3,"ESI Dispensary TPM Area, P.O.-Daulatabad, Choudwar, Dist. -Cuttack",0671-2494351,NA,disp[hypen]tpmarea[at]esic[dot]nic[dot]in
16,Odisha,3,4,"E.S.I. Dispensary Meramundali, At/Post. Meramundali ( Near BSNL Telephone Exchange), Dist. Dhenkanal",6371435247,NA,disp[hypen]meramundali[dot]or[at]esic[dot]nic[dot]in
16,Odisha,3,5,"E.S.I. Dispensary Tangi, At: Tangi, P.O.Kotasahi, Cuttack",9439914363,NA,disp[hypen]tangi[at]esic[dot]nic[dot]in
16,Odisha,3,6,"ESI Dispensary Jharsuguda, I.M.O. I/C, PO-Jharsuguda-768203, Dist-Jharsuguda, Odisha",06645-270008,NA,disp[hypen]jharsuguda[dot]or[at]esic[dot]nic[dot]in
16,Odisha,3,7,"E.S.I. Dispensary Kalunga, AtPO-Kalunga,Dist-Sundargarh",06611-2660620,60661001,disp[hypen]kalunga[dot]or[at]esic[dot]nic[dot]in
16,Odisha,3,8,"E.S.I. Dispensary Ganjam, AtPO-Ganjam, Dist-Ganjam",06811-254344,66811001,disp[hypen]ganjam[dot]or[at]esic[dot]nic[dot]in
16,Odisha,3,9,"E.S.I. Dispensary,Rourkela-r,At/Po-Industrial Estate Pan Posh,Dist-Sundargarh, Pin : 769004",0661-2400482,66622004-06,disp[hypen]rourkela4[dot]or[at]esic[dot]nic[dot]in
16,Odisha,3,10,"E.S.I. Dispensary,Kapuria,At/PO-Kalyan Nagar,Dist:-Cuttack Pin-753013",9777675869,60671001-03,disp[hypen]khapuria[dot]or[at]esic[dot]nic[dot]in
16,Odisha,4,Odisha
16,Odisha,4,1,"ESI Dispensary Damanjodi, I.M.O. IC, At Saraswati Vihar, PO-Damanjodi-763008, Dist-Koraput, Odisha",9437449376,NA,disp[hypen]damanjodi[dot]or[at]esic[dot]nic[dot]in
16,Odisha,4,2,"ESI Dispensary Khuntuni, House of Sri Prasant Kumar Pradhan, At: Rampei, PO: Khuntuni, Dist : Cuttack, Pin : 754029",9776515139,NA,disp[hypen]khuntuni[dot]or[at]esic[dot]nic[dot]in
16,Odisha,4,3,"ESI Dispensary TPM Area, P.O.-Daulatabad, Choudwar, Dist. -Cuttack",0671-2494351,NA,disp[hypen]tpmarea[at]esic[dot]nic[dot]in
16,Odisha,4,4,"E.S.I. Dispensary Meramundali, At/Post. Meramundali ( Near BSNL Telephone Exchange), Dist. Dhenkanal",6371435247,NA,disp[hypen]meramundali[dot]or[at]esic[dot]nic[dot]in
16,Odisha,4,5,"E.S.I. Dispensary Tangi, At: Tangi, P.O.Kotasahi, Cuttack",9439914363,NA,disp[hypen]tangi[at]esic[dot]nic[dot]in
16,Odisha,4,6,"ESI Dispensary Jharsuguda, I.M.O. I/C, PO-Jharsuguda-768203, Dist-Jharsuguda, Odisha",06645-270008,NA,disp[hypen]jharsuguda[dot]or[at]esic[dot]nic[dot]in
16,Odisha,4,7,"E.S.I. Dispensary Kalunga, AtPO-Kalunga,Dist-Sundargarh",06611-2660620,60661001,disp[hypen]kalunga[dot]or[at]esic[dot]nic[dot]in
16,Odisha,4,8,"E.S.I. Dispensary Ganjam, AtPO-Ganjam, Dist-Ganjam",06811-254344,66811001,disp[hypen]ganjam[dot]or[at]esic[dot]nic[dot]in
16,Odisha,4,9,"E.S.I. Dispensary,Rourkela-r,At/Po-Industrial Estate Pan Posh,Dist-Sundargarh, Pin : 769004",0661-2400482,66622004-06,disp[hypen]rourkela4[dot]or[at]esic[dot]nic[dot]in
16,Odisha,4,10,"E.S.I. Dispensary,Kapuria,At/PO-Kalyan Nagar,Dist:-Cuttack Pin-753013",9777675869,60671001-03,disp[hypen]khapuria[dot]or[at]esic[dot]nic[dot]in
16,Odisha,5,Odisha
16,Odisha,5,1,"ESI Dispensary Damanjodi, I.M.O. IC, At Saraswati Vihar, PO-Damanjodi-763008, Dist-Koraput, Odisha",9437449376,NA,disp[hypen]damanjodi[dot]or[at]esic[dot]nic[dot]in
16,Odisha,5,2,"ESI Dispensary Khuntuni, House of Sri Prasant Kumar Pradhan, At: Rampei, PO: Khuntuni, Dist : Cuttack, Pin : 754029",9776515139,NA,disp[hypen]khuntuni[dot]or[at]esic[dot]nic[dot]in
16,Odisha,5,3,"ESI Dispensary TPM Area, P.O.-Daulatabad, Choudwar, Dist. -Cuttack",0671-2494351,NA,disp[hypen]tpmarea[at]esic[dot]nic[dot]in
16,Odisha,5,4,"E.S.I. Dispensary Meramundali, At/Post. Meramundali ( Near BSNL Telephone Exchange), Dist. Dhenkanal",6371435247,NA,disp[hypen]meramundali[dot]or[at]esic[dot]nic[dot]in
16,Odisha,5,5,"E.S.I. Dispensary Tangi, At: Tangi, P.O.Kotasahi, Cuttack",9439914363,NA,disp[hypen]tangi[at]esic[dot]nic[dot]in
16,Odisha,5,6,"ESI Dispensary Jharsuguda, I.M.O. I/C, PO-Jharsuguda-768203, Dist-Jharsuguda, Odisha",06645-270008,NA,disp[hypen]jharsuguda[dot]or[at]esic[dot]nic[dot]in
16,Odisha,5,7,"E.S.I. Dispensary Kalunga, AtPO-Kalunga,Dist-Sundargarh",06611-2660620,60661001,disp[hypen]kalunga[dot]or[at]esic[dot]nic[dot]in
16,Odisha,5,8,"E.S.I. Dispensary Ganjam, AtPO-Ganjam, Dist-Ganjam",06811-254344,66811001,disp[hypen]ganjam[dot]or[at]esic[dot]nic[dot]in
16,Odisha,5,9,"E.S.I. Dispensary,Rourkela-r,At/Po-Industrial Estate Pan Posh,Dist-Sundargarh, Pin : 769004",0661-2400482,66622004-06,disp[hypen]rourkela4[dot]or[at]esic[dot]nic[dot]in
16,Odisha,5,10,"E.S.I. Dispensary,Kapuria,At/PO-Kalyan Nagar,Dist:-Cuttack Pin-753013",9777675869,60671001-03,disp[hypen]khapuria[dot]or[at]esic[dot]nic[dot]in
17,Puducherry,1,Puducherry
17,Puducherry,1,1,"ESI Dispensary,42, Solai Counder St, Ariyankuppam, Puducherry-605007.",0413-2601905,60413007 to 60413009,disp[hyphen]ariyankuppam[dot]py[at]esic[dot]nic[dot]in
17,Puducherry,1,2,"ESI Dispensary Vazhudavour Road, Gandhi Nagar, Puducherry-605009.",0413-2271246,60413001 to 60413003,disp-gandhinagar.py@esic.nic.in
17,Puducherry,1,3,"ESI Dispensary Nagappanar Road, Kirumampakkam,PUDUCHERRY-607 402.",0413-2611186,60413019 to 60413021,disp-kirumampakkam.py@esic.nic.in
17,Puducherry,1,4,"Point Care St, near State Bank, Bharathidasan Nagar, Mudaliarpet, Puducherry-605004",0413-2357086,60413028 to 60413030,disp-mudaliarpet.py@esic.nic.in
17,Puducherry,1,5,"ESI Dispensary No. 82, Bajanai Madam Street,
Muthirapalayam, Puducherry-605 009.",0413-2272827,60413022 to 60413024,disp-muthirapalayam.py@esic.nic.in
17,Puducherry,1,6,"ESI Dispensary Muthialpet, No-3,Bharathidasan Street, Muthialpet, Debassympet, Puducherry-605 003.",0413-2236449,-,disp-muthialpet.py@esic.nic.in
17,Puducherry,1,7,"ESI Dispensary  8th Cross, Jaya Nagar, Reddiyarpalayam,
Puducherry-605 010.",0413-2290117,60413004 to 60413006,disp-reddiyarpalayam.py@esic.nic.in
17,Puducherry,1,8,"ESI Dispensary 
14, South Street, Sedarapet,
PUDUCHERRY-605 111.",0413-2677030,60413013 to 60413015,disp-sedarapet.py@esic.nic.in
17,Puducherry,1,9,"ESI Dispensary
PHC Building, Thirubuvanai,
PUDUCHERRY-605 102.",0413-2640672,60413016 to 60413018,disp-thirubuvanai.py@esic.nic.in
17,Puducherry,1,10,"ESI Dispensary
No.13, II Cross Street,
Vasantha Nagar, Villianur,
PUDUCHERRY-605 110.",0413-2666316,60413025 to 60413027,disp-villianur.py@esic.nic.in
17,Puducherry,2,Puducherry
17,Puducherry,2,1,"ESI Dispensary,42, Solai Counder St, Ariyankuppam, Puducherry-605007.",0413-2601905,60413007 to 60413009,disp[hyphen]ariyankuppam[dot]py[at]esic[dot]nic[dot]in
17,Puducherry,2,2,"ESI Dispensary Vazhudavour Road, Gandhi Nagar, Puducherry-605009.",0413-2271246,60413001 to 60413003,disp-gandhinagar.py@esic.nic.in
17,Puducherry,2,3,"ESI Dispensary Nagappanar Road, Kirumampakkam,PUDUCHERRY-607 402.",0413-2611186,60413019 to 60413021,disp-kirumampakkam.py@esic.nic.in
17,Puducherry,2,4,"Point Care St, near State Bank, Bharathidasan Nagar, Mudaliarpet, Puducherry-605004",0413-2357086,60413028 to 60413030,disp-mudaliarpet.py@esic.nic.in
17,Puducherry,2,5,"ESI Dispensary No. 82, Bajanai Madam Street,
Muthirapalayam, Puducherry-605 009.",0413-2272827,60413022 to 60413024,disp-muthirapalayam.py@esic.nic.in
17,Puducherry,2,6,"ESI Dispensary Muthialpet, No-3,Bharathidasan Street, Muthialpet, Debassympet, Puducherry-605 003.",0413-2236449,-,disp-muthialpet.py@esic.nic.in
17,Puducherry,2,7,"ESI Dispensary  8th Cross, Jaya Nagar, Reddiyarpalayam,
Puducherry-605 010.",0413-2290117,60413004 to 60413006,disp-reddiyarpalayam.py@esic.nic.in
17,Puducherry,2,8,"ESI Dispensary 
14, South Street, Sedarapet,
PUDUCHERRY-605 111.",0413-2677030,60413013 to 60413015,disp-sedarapet.py@esic.nic.in
17,Puducherry,2,9,"ESI Dispensary
PHC Building, Thirubuvanai,
PUDUCHERRY-605 102.",0413-2640672,60413016 to 60413018,disp-thirubuvanai.py@esic.nic.in
17,Puducherry,2,10,"ESI Dispensary
No.13, II Cross Street,
Vasantha Nagar, Villianur,
PUDUCHERRY-605 110.",0413-2666316,60413025 to 60413027,disp-villianur.py@esic.nic.in
17,Puducherry,3,Puducherry
17,Puducherry,3,1,"ESI Dispensary,42, Solai Counder St, Ariyankuppam, Puducherry-605007.",0413-2601905,60413007 to 60413009,disp[hyphen]ariyankuppam[dot]py[at]esic[dot]nic[dot]in
17,Puducherry,3,2,"ESI Dispensary Vazhudavour Road, Gandhi Nagar, Puducherry-605009.",0413-2271246,60413001 to 60413003,disp-gandhinagar.py@esic.nic.in
17,Puducherry,3,3,"ESI Dispensary Nagappanar Road, Kirumampakkam,PUDUCHERRY-607 402.",0413-2611186,60413019 to 60413021,disp-kirumampakkam.py@esic.nic.in
17,Puducherry,3,4,"Point Care St, near State Bank, Bharathidasan Nagar, Mudaliarpet, Puducherry-605004",0413-2357086,60413028 to 60413030,disp-mudaliarpet.py@esic.nic.in
17,Puducherry,3,5,"ESI Dispensary No. 82, Bajanai Madam Street,
Muthirapalayam, Puducherry-605 009.",0413-2272827,60413022 to 60413024,disp-muthirapalayam.py@esic.nic.in
17,Puducherry,3,6,"ESI Dispensary Muthialpet, No-3,Bharathidasan Street, Muthialpet, Debassympet, Puducherry-605 003.",0413-2236449,-,disp-muthialpet.py@esic.nic.in
17,Puducherry,3,7,"ESI Dispensary  8th Cross, Jaya Nagar, Reddiyarpalayam,
Puducherry-605 010.",0413-2290117,60413004 to 60413006,disp-reddiyarpalayam.py@esic.nic.in
17,Puducherry,3,8,"ESI Dispensary 
14, South Street, Sedarapet,
PUDUCHERRY-605 111.",0413-2677030,60413013 to 60413015,disp-sedarapet.py@esic.nic.in
17,Puducherry,3,9,"ESI Dispensary
PHC Building, Thirubuvanai,
PUDUCHERRY-605 102.",0413-2640672,60413016 to 60413018,disp-thirubuvanai.py@esic.nic.in
17,Puducherry,3,10,"ESI Dispensary
No.13, II Cross Street,
Vasantha Nagar, Villianur,
PUDUCHERRY-605 110.",0413-2666316,60413025 to 60413027,disp-villianur.py@esic.nic.in
18,Punjab,1,Punjab
18,Punjab,1,1,"ESI DISPENSARY NO. 1, UCHC, New Subhash Nagar, Ludhiana",9814432400,N.A,N.A
18,Punjab,1,2,"ESI DISPENSARY Machhiwara, Care of Aarti International Ltd., Village- Harrian, Machhiwara Road, Ludhiana",7347202120,N.A,venkybatth@gmail.com
18,Punjab,1,3,"ESI DISPENSARY NO.3, FOCAL POINT,
LUDHIANA .",8437007071,N.A,N.A
18,Punjab,1,4,"ESI DISPENSARY NO.4, Inside UPHC near Pancham Hospital, Jawadi Pakhowal Road Ludhiana.",9463415008,N.A,esidisp04@gmail.com
18,Punjab,1,5,"ESI Dispensary No. 7, Near Balsudhar Kendra Shimla Puri, Ludhiana-141003",9855721034,N.A,esidispensary7@gmail.com
18,Punjab,1,6,"ESI Dispensary, Village- Paddi, Garg Acrylics Ltd., Sahnewal Delhon Road, Ludhiana",7347202120,N.A,moesiakbarpur@gmail.com
18,Punjab,1,7,"ESI Dispensary No. 12, Rishab Spinning Mills, Village- Jodhan, Ludhiana",9646661236,N.A,esidispno12@gmail.com
18,Punjab,1,8,"ESI Dispensary No. 11, Near Bus Stand, Village-Hambran, Ludhiana",8284900778,N.A,esidispensary11@gmail.com
18,Punjab,1,9,"ESI DISPENSARY No-10, Focal Point, Phase-V, Near Fire Brigade Office, Ludhiana.",9988997381,N.A,esidisp10@gmail.com
18,Punjab,1,10,"ESI Dispensary No. 8 Near CMC Hospital, Brown Road, Ludhiana",9779982999,N.A,esidispensary8@gmail.com
18,Punjab,2,Punjab
18,Punjab,2,1,"ESI DISPENSARY NO. 1, UCHC, New Subhash Nagar, Ludhiana",9814432400,N.A,N.A
18,Punjab,2,2,"ESI DISPENSARY Machhiwara, Care of Aarti International Ltd., Village- Harrian, Machhiwara Road, Ludhiana",7347202120,N.A,venkybatth@gmail.com
18,Punjab,2,3,"ESI DISPENSARY NO.3, FOCAL POINT,
LUDHIANA .",8437007071,N.A,N.A
18,Punjab,2,4,"ESI DISPENSARY NO.4, Inside UPHC near Pancham Hospital, Jawadi Pakhowal Road Ludhiana.",9463415008,N.A,esidisp04@gmail.com
18,Punjab,2,5,"ESI Dispensary No. 7, Near Balsudhar Kendra Shimla Puri, Ludhiana-141003",9855721034,N.A,esidispensary7@gmail.com
18,Punjab,2,6,"ESI Dispensary, Village- Paddi, Garg Acrylics Ltd., Sahnewal Delhon Road, Ludhiana",7347202120,N.A,moesiakbarpur@gmail.com
18,Punjab,2,7,"ESI Dispensary No. 12, Rishab Spinning Mills, Village- Jodhan, Ludhiana",9646661236,N.A,esidispno12@gmail.com
18,Punjab,2,8,"ESI Dispensary No. 11, Near Bus Stand, Village-Hambran, Ludhiana",8284900778,N.A,esidispensary11@gmail.com
18,Punjab,2,9,"ESI DISPENSARY No-10, Focal Point, Phase-V, Near Fire Brigade Office, Ludhiana.",9988997381,N.A,esidisp10@gmail.com
18,Punjab,2,10,"ESI Dispensary No. 8 Near CMC Hospital, Brown Road, Ludhiana",9779982999,N.A,esidispensary8@gmail.com
18,Punjab,3,Punjab
18,Punjab,3,1,"ESI DISPENSARY NO. 1, UCHC, New Subhash Nagar, Ludhiana",9814432400,N.A,N.A
18,Punjab,3,2,"ESI DISPENSARY Machhiwara, Care of Aarti International Ltd., Village- Harrian, Machhiwara Road, Ludhiana",7347202120,N.A,venkybatth@gmail.com
18,Punjab,3,3,"ESI DISPENSARY NO.3, FOCAL POINT,
LUDHIANA .",8437007071,N.A,N.A
18,Punjab,3,4,"ESI DISPENSARY NO.4, Inside UPHC near Pancham Hospital, Jawadi Pakhowal Road Ludhiana.",9463415008,N.A,esidisp04@gmail.com
18,Punjab,3,5,"ESI Dispensary No. 7, Near Balsudhar Kendra Shimla Puri, Ludhiana-141003",9855721034,N.A,esidispensary7@gmail.com
18,Punjab,3,6,"ESI Dispensary, Village- Paddi, Garg Acrylics Ltd., Sahnewal Delhon Road, Ludhiana",7347202120,N.A,moesiakbarpur@gmail.com
18,Punjab,3,7,"ESI Dispensary No. 12, Rishab Spinning Mills, Village- Jodhan, Ludhiana",9646661236,N.A,esidispno12@gmail.com
18,Punjab,3,8,"ESI Dispensary No. 11, Near Bus Stand, Village-Hambran, Ludhiana",8284900778,N.A,esidispensary11@gmail.com
18,Punjab,3,9,"ESI DISPENSARY No-10, Focal Point, Phase-V, Near Fire Brigade Office, Ludhiana.",9988997381,N.A,esidisp10@gmail.com
18,Punjab,3,10,"ESI Dispensary No. 8 Near CMC Hospital, Brown Road, Ludhiana",9779982999,N.A,esidispensary8@gmail.com
18,Punjab,4,Punjab
18,Punjab,4,1,"ESI DISPENSARY NO. 1, UCHC, New Subhash Nagar, Ludhiana",9814432400,N.A,N.A
18,Punjab,4,2,"ESI DISPENSARY Machhiwara, Care of Aarti International Ltd., Village- Harrian, Machhiwara Road, Ludhiana",7347202120,N.A,venkybatth@gmail.com
18,Punjab,4,3,"ESI DISPENSARY NO.3, FOCAL POINT,
LUDHIANA .",8437007071,N.A,N.A
18,Punjab,4,4,"ESI DISPENSARY NO.4, Inside UPHC near Pancham Hospital, Jawadi Pakhowal Road Ludhiana.",9463415008,N.A,esidisp04@gmail.com
18,Punjab,4,5,"ESI Dispensary No. 7, Near Balsudhar Kendra Shimla Puri, Ludhiana-141003",9855721034,N.A,esidispensary7@gmail.com
18,Punjab,4,6,"ESI Dispensary, Village- Paddi, Garg Acrylics Ltd., Sahnewal Delhon Road, Ludhiana",7347202120,N.A,moesiakbarpur@gmail.com
18,Punjab,4,7,"ESI Dispensary No. 12, Rishab Spinning Mills, Village- Jodhan, Ludhiana",9646661236,N.A,esidispno12@gmail.com
18,Punjab,4,8,"ESI Dispensary No. 11, Near Bus Stand, Village-Hambran, Ludhiana",8284900778,N.A,esidispensary11@gmail.com
18,Punjab,4,9,"ESI DISPENSARY No-10, Focal Point, Phase-V, Near Fire Brigade Office, Ludhiana.",9988997381,N.A,esidisp10@gmail.com
18,Punjab,4,10,"ESI Dispensary No. 8 Near CMC Hospital, Brown Road, Ludhiana",9779982999,N.A,esidispensary8@gmail.com
18,Punjab,5,Punjab
18,Punjab,5,1,"ESI DISPENSARY NO. 1, UCHC, New Subhash Nagar, Ludhiana",9814432400,N.A,N.A
18,Punjab,5,2,"ESI DISPENSARY Machhiwara, Care of Aarti International Ltd., Village- Harrian, Machhiwara Road, Ludhiana",7347202120,N.A,venkybatth@gmail.com
18,Punjab,5,3,"ESI DISPENSARY NO.3, FOCAL POINT,
LUDHIANA .",8437007071,N.A,N.A
18,Punjab,5,4,"ESI DISPENSARY NO.4, Inside UPHC near Pancham Hospital, Jawadi Pakhowal Road Ludhiana.",9463415008,N.A,esidisp04@gmail.com
18,Punjab,5,5,"ESI Dispensary No. 7, Near Balsudhar Kendra Shimla Puri, Ludhiana-141003",9855721034,N.A,esidispensary7@gmail.com
18,Punjab,5,6,"ESI Dispensary, Village- Paddi, Garg Acrylics Ltd., Sahnewal Delhon Road, Ludhiana",7347202120,N.A,moesiakbarpur@gmail.com
18,Punjab,5,7,"ESI Dispensary No. 12, Rishab Spinning Mills, Village- Jodhan, Ludhiana",9646661236,N.A,esidispno12@gmail.com
18,Punjab,5,8,"ESI Dispensary No. 11, Near Bus Stand, Village-Hambran, Ludhiana",8284900778,N.A,esidispensary11@gmail.com
18,Punjab,5,9,"ESI DISPENSARY No-10, Focal Point, Phase-V, Near Fire Brigade Office, Ludhiana.",9988997381,N.A,esidisp10@gmail.com
18,Punjab,5,10,"ESI Dispensary No. 8 Near CMC Hospital, Brown Road, Ludhiana",9779982999,N.A,esidispensary8@gmail.com
18,Punjab,6,Punjab
18,Punjab,6,1,"ESI DISPENSARY NO. 1, UCHC, New Subhash Nagar, Ludhiana",9814432400,N.A,N.A
18,Punjab,6,2,"ESI DISPENSARY Machhiwara, Care of Aarti International Ltd., Village- Harrian, Machhiwara Road, Ludhiana",7347202120,N.A,venkybatth@gmail.com
18,Punjab,6,3,"ESI DISPENSARY NO.3, FOCAL POINT,
LUDHIANA .",8437007071,N.A,N.A
18,Punjab,6,4,"ESI DISPENSARY NO.4, Inside UPHC near Pancham Hospital, Jawadi Pakhowal Road Ludhiana.",9463415008,N.A,esidisp04@gmail.com
18,Punjab,6,5,"ESI Dispensary No. 7, Near Balsudhar Kendra Shimla Puri, Ludhiana-141003",9855721034,N.A,esidispensary7@gmail.com
18,Punjab,6,6,"ESI Dispensary, Village- Paddi, Garg Acrylics Ltd., Sahnewal Delhon Road, Ludhiana",7347202120,N.A,moesiakbarpur@gmail.com
18,Punjab,6,7,"ESI Dispensary No. 12, Rishab Spinning Mills, Village- Jodhan, Ludhiana",9646661236,N.A,esidispno12@gmail.com
18,Punjab,6,8,"ESI Dispensary No. 11, Near Bus Stand, Village-Hambran, Ludhiana",8284900778,N.A,esidispensary11@gmail.com
18,Punjab,6,9,"ESI DISPENSARY No-10, Focal Point, Phase-V, Near Fire Brigade Office, Ludhiana.",9988997381,N.A,esidisp10@gmail.com
18,Punjab,6,10,"ESI Dispensary No. 8 Near CMC Hospital, Brown Road, Ludhiana",9779982999,N.A,esidispensary8@gmail.com
18,Punjab,7,Punjab
18,Punjab,7,1,"ESI DISPENSARY NO. 1, UCHC, New Subhash Nagar, Ludhiana",9814432400,N.A,N.A
18,Punjab,7,2,"ESI DISPENSARY Machhiwara, Care of Aarti International Ltd., Village- Harrian, Machhiwara Road, Ludhiana",7347202120,N.A,venkybatth@gmail.com
18,Punjab,7,3,"ESI DISPENSARY NO.3, FOCAL POINT,
LUDHIANA .",8437007071,N.A,N.A
18,Punjab,7,4,"ESI DISPENSARY NO.4, Inside UPHC near Pancham Hospital, Jawadi Pakhowal Road Ludhiana.",9463415008,N.A,esidisp04@gmail.com
18,Punjab,7,5,"ESI Dispensary No. 7, Near Balsudhar Kendra Shimla Puri, Ludhiana-141003",9855721034,N.A,esidispensary7@gmail.com
18,Punjab,7,6,"ESI Dispensary, Village- Paddi, Garg Acrylics Ltd., Sahnewal Delhon Road, Ludhiana",7347202120,N.A,moesiakbarpur@gmail.com
18,Punjab,7,7,"ESI Dispensary No. 12, Rishab Spinning Mills, Village- Jodhan, Ludhiana",9646661236,N.A,esidispno12@gmail.com
18,Punjab,7,8,"ESI Dispensary No. 11, Near Bus Stand, Village-Hambran, Ludhiana",8284900778,N.A,esidispensary11@gmail.com
18,Punjab,7,9,"ESI DISPENSARY No-10, Focal Point, Phase-V, Near Fire Brigade Office, Ludhiana.",9988997381,N.A,esidisp10@gmail.com
18,Punjab,7,10,"ESI Dispensary No. 8 Near CMC Hospital, Brown Road, Ludhiana",9779982999,N.A,esidispensary8@gmail.com
18,Punjab,8,Punjab
18,Punjab,8,1,"ESI DISPENSARY NO. 1, UCHC, New Subhash Nagar, Ludhiana",9814432400,N.A,N.A
18,Punjab,8,2,"ESI DISPENSARY Machhiwara, Care of Aarti International Ltd., Village- Harrian, Machhiwara Road, Ludhiana",7347202120,N.A,venkybatth@gmail.com
18,Punjab,8,3,"ESI DISPENSARY NO.3, FOCAL POINT,
LUDHIANA .",8437007071,N.A,N.A
18,Punjab,8,4,"ESI DISPENSARY NO.4, Inside UPHC near Pancham Hospital, Jawadi Pakhowal Road Ludhiana.",9463415008,N.A,esidisp04@gmail.com
18,Punjab,8,5,"ESI Dispensary No. 7, Near Balsudhar Kendra Shimla Puri, Ludhiana-141003",9855721034,N.A,esidispensary7@gmail.com
18,Punjab,8,6,"ESI Dispensary, Village- Paddi, Garg Acrylics Ltd., Sahnewal Delhon Road, Ludhiana",7347202120,N.A,moesiakbarpur@gmail.com
18,Punjab,8,7,"ESI Dispensary No. 12, Rishab Spinning Mills, Village- Jodhan, Ludhiana",9646661236,N.A,esidispno12@gmail.com
18,Punjab,8,8,"ESI Dispensary No. 11, Near Bus Stand, Village-Hambran, Ludhiana",8284900778,N.A,esidispensary11@gmail.com
18,Punjab,8,9,"ESI DISPENSARY No-10, Focal Point, Phase-V, Near Fire Brigade Office, Ludhiana.",9988997381,N.A,esidisp10@gmail.com
18,Punjab,8,10,"ESI Dispensary No. 8 Near CMC Hospital, Brown Road, Ludhiana",9779982999,N.A,esidispensary8@gmail.com
19,Rajasthan,1,Rajasthan
19,Rajasthan,1,1,"ESI Dispensary No. 1, ESIC Quarter, South West Block, Kala Kuan, Alwar, 301001",0144-2346696,60144007,disp-alwar1.rj@esic.nic.in
19,Rajasthan,1,2,"ESI Dispensary No. 2, Matsya Industrial Area, Alwar",0144-2881078,60144001,disp-alwar2.rj@esic.nic.in
19,Rajasthan,1,3,"ESI Dispensary No. 1, Kala Bagh, Bajrang Garh Choraha, Ajmer",0145-2427881,60145004,disp-ajmer1.rj@esic.nic.in
19,Rajasthan,1,4,"ESI Dispensary No. 2, Gandhi Bhawan, Purana Setalite Hospital, Adarsh Nagar, Ajmer",0145-2680612,60145001,disp-ajmer2.rj@esic.nic.in
19,Rajasthan,1,5,"Plot No 1202 Sec 29, RICO Industrial Area, Bhiwadi, Phase 3, Alwar, Rajasthan-301019",01493-220970,-,disp-bhiwadi.rj@esic.nic.in
19,Rajasthan,1,6,"ESI Dispensary, Industrial Area, Dahod Road, Opp Milk Diary, Banswara",02962-254556,62962001,disp-banswara.rj@esic.nic.in
19,Rajasthan,1,7,"ESI Dispensary, Beawar College Road, Beawar, Distt. Ajmer",01462-224635,61462001,disp-beawar.rj@esic.nic.in
19,Rajasthan,1,8,"ESI Disp. No. 3, Village- Guwardi, Post- Swaroopganj, Opp- Mandapia Railway Station, Via- Hameergarh, Distt. Bhilwara",9413948583,61482004,disp-bhilwara3.rj@esic.nic.in
19,Rajasthan,1,9,"ESI Dispensary,  Genl. Hosp. Premises, Gangapur, Bhilwara",01481-220727,61482007,disp-gangapur.rj@esic.nic.in
19,Rajasthan,1,10,"ESI Dispensary-2, Ramdwar Road, Bhilwara",01482-236010,61482001,disp-bhilwara.rj2@esic.nic.in
19,Rajasthan,2,Rajasthan
19,Rajasthan,2,1,"ESI Dispensary No. 1, ESIC Quarter, South West Block, Kala Kuan, Alwar, 301001",0144-2346696,60144007,disp-alwar1.rj@esic.nic.in
19,Rajasthan,2,2,"ESI Dispensary No. 2, Matsya Industrial Area, Alwar",0144-2881078,60144001,disp-alwar2.rj@esic.nic.in
19,Rajasthan,2,3,"ESI Dispensary No. 1, Kala Bagh, Bajrang Garh Choraha, Ajmer",0145-2427881,60145004,disp-ajmer1.rj@esic.nic.in
19,Rajasthan,2,4,"ESI Dispensary No. 2, Gandhi Bhawan, Purana Setalite Hospital, Adarsh Nagar, Ajmer",0145-2680612,60145001,disp-ajmer2.rj@esic.nic.in
19,Rajasthan,2,5,"Plot No 1202 Sec 29, RICO Industrial Area, Bhiwadi, Phase 3, Alwar, Rajasthan-301019",01493-220970,-,disp-bhiwadi.rj@esic.nic.in
19,Rajasthan,2,6,"ESI Dispensary, Industrial Area, Dahod Road, Opp Milk Diary, Banswara",02962-254556,62962001,disp-banswara.rj@esic.nic.in
19,Rajasthan,2,7,"ESI Dispensary, Beawar College Road, Beawar, Distt. Ajmer",01462-224635,61462001,disp-beawar.rj@esic.nic.in
19,Rajasthan,2,8,"ESI Disp. No. 3, Village- Guwardi, Post- Swaroopganj, Opp- Mandapia Railway Station, Via- Hameergarh, Distt. Bhilwara",9413948583,61482004,disp-bhilwara3.rj@esic.nic.in
19,Rajasthan,2,9,"ESI Dispensary,  Genl. Hosp. Premises, Gangapur, Bhilwara",01481-220727,61482007,disp-gangapur.rj@esic.nic.in
19,Rajasthan,2,10,"ESI Dispensary-2, Ramdwar Road, Bhilwara",01482-236010,61482001,disp-bhilwara.rj2@esic.nic.in
19,Rajasthan,3,Rajasthan
19,Rajasthan,3,1,"ESI Dispensary No. 1, ESIC Quarter, South West Block, Kala Kuan, Alwar, 301001",0144-2346696,60144007,disp-alwar1.rj@esic.nic.in
19,Rajasthan,3,2,"ESI Dispensary No. 2, Matsya Industrial Area, Alwar",0144-2881078,60144001,disp-alwar2.rj@esic.nic.in
19,Rajasthan,3,3,"ESI Dispensary No. 1, Kala Bagh, Bajrang Garh Choraha, Ajmer",0145-2427881,60145004,disp-ajmer1.rj@esic.nic.in
19,Rajasthan,3,4,"ESI Dispensary No. 2, Gandhi Bhawan, Purana Setalite Hospital, Adarsh Nagar, Ajmer",0145-2680612,60145001,disp-ajmer2.rj@esic.nic.in
19,Rajasthan,3,5,"Plot No 1202 Sec 29, RICO Industrial Area, Bhiwadi, Phase 3, Alwar, Rajasthan-301019",01493-220970,-,disp-bhiwadi.rj@esic.nic.in
19,Rajasthan,3,6,"ESI Dispensary, Industrial Area, Dahod Road, Opp Milk Diary, Banswara",02962-254556,62962001,disp-banswara.rj@esic.nic.in
19,Rajasthan,3,7,"ESI Dispensary, Beawar College Road, Beawar, Distt. Ajmer",01462-224635,61462001,disp-beawar.rj@esic.nic.in
19,Rajasthan,3,8,"ESI Disp. No. 3, Village- Guwardi, Post- Swaroopganj, Opp- Mandapia Railway Station, Via- Hameergarh, Distt. Bhilwara",9413948583,61482004,disp-bhilwara3.rj@esic.nic.in
19,Rajasthan,3,9,"ESI Dispensary,  Genl. Hosp. Premises, Gangapur, Bhilwara",01481-220727,61482007,disp-gangapur.rj@esic.nic.in
19,Rajasthan,3,10,"ESI Dispensary-2, Ramdwar Road, Bhilwara",01482-236010,61482001,disp-bhilwara.rj2@esic.nic.in
19,Rajasthan,4,Rajasthan
19,Rajasthan,4,1,"ESI Dispensary No. 1, ESIC Quarter, South West Block, Kala Kuan, Alwar, 301001",0144-2346696,60144007,disp-alwar1.rj@esic.nic.in
19,Rajasthan,4,2,"ESI Dispensary No. 2, Matsya Industrial Area, Alwar",0144-2881078,60144001,disp-alwar2.rj@esic.nic.in
19,Rajasthan,4,3,"ESI Dispensary No. 1, Kala Bagh, Bajrang Garh Choraha, Ajmer",0145-2427881,60145004,disp-ajmer1.rj@esic.nic.in
19,Rajasthan,4,4,"ESI Dispensary No. 2, Gandhi Bhawan, Purana Setalite Hospital, Adarsh Nagar, Ajmer",0145-2680612,60145001,disp-ajmer2.rj@esic.nic.in
19,Rajasthan,4,5,"Plot No 1202 Sec 29, RICO Industrial Area, Bhiwadi, Phase 3, Alwar, Rajasthan-301019",01493-220970,-,disp-bhiwadi.rj@esic.nic.in
19,Rajasthan,4,6,"ESI Dispensary, Industrial Area, Dahod Road, Opp Milk Diary, Banswara",02962-254556,62962001,disp-banswara.rj@esic.nic.in
19,Rajasthan,4,7,"ESI Dispensary, Beawar College Road, Beawar, Distt. Ajmer",01462-224635,61462001,disp-beawar.rj@esic.nic.in
19,Rajasthan,4,8,"ESI Disp. No. 3, Village- Guwardi, Post- Swaroopganj, Opp- Mandapia Railway Station, Via- Hameergarh, Distt. Bhilwara",9413948583,61482004,disp-bhilwara3.rj@esic.nic.in
19,Rajasthan,4,9,"ESI Dispensary,  Genl. Hosp. Premises, Gangapur, Bhilwara",01481-220727,61482007,disp-gangapur.rj@esic.nic.in
19,Rajasthan,4,10,"ESI Dispensary-2, Ramdwar Road, Bhilwara",01482-236010,61482001,disp-bhilwara.rj2@esic.nic.in
19,Rajasthan,5,Rajasthan
19,Rajasthan,5,1,"ESI Dispensary No. 1, ESIC Quarter, South West Block, Kala Kuan, Alwar, 301001",0144-2346696,60144007,disp-alwar1.rj@esic.nic.in
19,Rajasthan,5,2,"ESI Dispensary No. 2, Matsya Industrial Area, Alwar",0144-2881078,60144001,disp-alwar2.rj@esic.nic.in
19,Rajasthan,5,3,"ESI Dispensary No. 1, Kala Bagh, Bajrang Garh Choraha, Ajmer",0145-2427881,60145004,disp-ajmer1.rj@esic.nic.in
19,Rajasthan,5,4,"ESI Dispensary No. 2, Gandhi Bhawan, Purana Setalite Hospital, Adarsh Nagar, Ajmer",0145-2680612,60145001,disp-ajmer2.rj@esic.nic.in
19,Rajasthan,5,5,"Plot No 1202 Sec 29, RICO Industrial Area, Bhiwadi, Phase 3, Alwar, Rajasthan-301019",01493-220970,-,disp-bhiwadi.rj@esic.nic.in
19,Rajasthan,5,6,"ESI Dispensary, Industrial Area, Dahod Road, Opp Milk Diary, Banswara",02962-254556,62962001,disp-banswara.rj@esic.nic.in
19,Rajasthan,5,7,"ESI Dispensary, Beawar College Road, Beawar, Distt. Ajmer",01462-224635,61462001,disp-beawar.rj@esic.nic.in
19,Rajasthan,5,8,"ESI Disp. No. 3, Village- Guwardi, Post- Swaroopganj, Opp- Mandapia Railway Station, Via- Hameergarh, Distt. Bhilwara",9413948583,61482004,disp-bhilwara3.rj@esic.nic.in
19,Rajasthan,5,9,"ESI Dispensary,  Genl. Hosp. Premises, Gangapur, Bhilwara",01481-220727,61482007,disp-gangapur.rj@esic.nic.in
19,Rajasthan,5,10,"ESI Dispensary-2, Ramdwar Road, Bhilwara",01482-236010,61482001,disp-bhilwara.rj2@esic.nic.in
19,Rajasthan,6,Rajasthan
19,Rajasthan,6,1,"ESI Dispensary No. 1, ESIC Quarter, South West Block, Kala Kuan, Alwar, 301001",0144-2346696,60144007,disp-alwar1.rj@esic.nic.in
19,Rajasthan,6,2,"ESI Dispensary No. 2, Matsya Industrial Area, Alwar",0144-2881078,60144001,disp-alwar2.rj@esic.nic.in
19,Rajasthan,6,3,"ESI Dispensary No. 1, Kala Bagh, Bajrang Garh Choraha, Ajmer",0145-2427881,60145004,disp-ajmer1.rj@esic.nic.in
19,Rajasthan,6,4,"ESI Dispensary No. 2, Gandhi Bhawan, Purana Setalite Hospital, Adarsh Nagar, Ajmer",0145-2680612,60145001,disp-ajmer2.rj@esic.nic.in
19,Rajasthan,6,5,"Plot No 1202 Sec 29, RICO Industrial Area, Bhiwadi, Phase 3, Alwar, Rajasthan-301019",01493-220970,-,disp-bhiwadi.rj@esic.nic.in
19,Rajasthan,6,6,"ESI Dispensary, Industrial Area, Dahod Road, Opp Milk Diary, Banswara",02962-254556,62962001,disp-banswara.rj@esic.nic.in
19,Rajasthan,6,7,"ESI Dispensary, Beawar College Road, Beawar, Distt. Ajmer",01462-224635,61462001,disp-beawar.rj@esic.nic.in
19,Rajasthan,6,8,"ESI Disp. No. 3, Village- Guwardi, Post- Swaroopganj, Opp- Mandapia Railway Station, Via- Hameergarh, Distt. Bhilwara",9413948583,61482004,disp-bhilwara3.rj@esic.nic.in
19,Rajasthan,6,9,"ESI Dispensary,  Genl. Hosp. Premises, Gangapur, Bhilwara",01481-220727,61482007,disp-gangapur.rj@esic.nic.in
19,Rajasthan,6,10,"ESI Dispensary-2, Ramdwar Road, Bhilwara",01482-236010,61482001,disp-bhilwara.rj2@esic.nic.in
19,Rajasthan,7,Rajasthan
19,Rajasthan,7,1,"ESI Dispensary No. 1, ESIC Quarter, South West Block, Kala Kuan, Alwar, 301001",0144-2346696,60144007,disp-alwar1.rj@esic.nic.in
19,Rajasthan,7,2,"ESI Dispensary No. 2, Matsya Industrial Area, Alwar",0144-2881078,60144001,disp-alwar2.rj@esic.nic.in
19,Rajasthan,7,3,"ESI Dispensary No. 1, Kala Bagh, Bajrang Garh Choraha, Ajmer",0145-2427881,60145004,disp-ajmer1.rj@esic.nic.in
19,Rajasthan,7,4,"ESI Dispensary No. 2, Gandhi Bhawan, Purana Setalite Hospital, Adarsh Nagar, Ajmer",0145-2680612,60145001,disp-ajmer2.rj@esic.nic.in
19,Rajasthan,7,5,"Plot No 1202 Sec 29, RICO Industrial Area, Bhiwadi, Phase 3, Alwar, Rajasthan-301019",01493-220970,-,disp-bhiwadi.rj@esic.nic.in
19,Rajasthan,7,6,"ESI Dispensary, Industrial Area, Dahod Road, Opp Milk Diary, Banswara",02962-254556,62962001,disp-banswara.rj@esic.nic.in
19,Rajasthan,7,7,"ESI Dispensary, Beawar College Road, Beawar, Distt. Ajmer",01462-224635,61462001,disp-beawar.rj@esic.nic.in
19,Rajasthan,7,8,"ESI Disp. No. 3, Village- Guwardi, Post- Swaroopganj, Opp- Mandapia Railway Station, Via- Hameergarh, Distt. Bhilwara",9413948583,61482004,disp-bhilwara3.rj@esic.nic.in
19,Rajasthan,7,9,"ESI Dispensary,  Genl. Hosp. Premises, Gangapur, Bhilwara",01481-220727,61482007,disp-gangapur.rj@esic.nic.in
19,Rajasthan,7,10,"ESI Dispensary-2, Ramdwar Road, Bhilwara",01482-236010,61482001,disp-bhilwara.rj2@esic.nic.in
19,Rajasthan,8,Rajasthan
19,Rajasthan,8,1,"ESI Dispensary No. 1, ESIC Quarter, South West Block, Kala Kuan, Alwar, 301001",0144-2346696,60144007,disp-alwar1.rj@esic.nic.in
19,Rajasthan,8,2,"ESI Dispensary No. 2, Matsya Industrial Area, Alwar",0144-2881078,60144001,disp-alwar2.rj@esic.nic.in
19,Rajasthan,8,3,"ESI Dispensary No. 1, Kala Bagh, Bajrang Garh Choraha, Ajmer",0145-2427881,60145004,disp-ajmer1.rj@esic.nic.in
19,Rajasthan,8,4,"ESI Dispensary No. 2, Gandhi Bhawan, Purana Setalite Hospital, Adarsh Nagar, Ajmer",0145-2680612,60145001,disp-ajmer2.rj@esic.nic.in
19,Rajasthan,8,5,"Plot No 1202 Sec 29, RICO Industrial Area, Bhiwadi, Phase 3, Alwar, Rajasthan-301019",01493-220970,-,disp-bhiwadi.rj@esic.nic.in
19,Rajasthan,8,6,"ESI Dispensary, Industrial Area, Dahod Road, Opp Milk Diary, Banswara",02962-254556,62962001,disp-banswara.rj@esic.nic.in
19,Rajasthan,8,7,"ESI Dispensary, Beawar College Road, Beawar, Distt. Ajmer",01462-224635,61462001,disp-beawar.rj@esic.nic.in
19,Rajasthan,8,8,"ESI Disp. No. 3, Village- Guwardi, Post- Swaroopganj, Opp- Mandapia Railway Station, Via- Hameergarh, Distt. Bhilwara",9413948583,61482004,disp-bhilwara3.rj@esic.nic.in
19,Rajasthan,8,9,"ESI Dispensary,  Genl. Hosp. Premises, Gangapur, Bhilwara",01481-220727,61482007,disp-gangapur.rj@esic.nic.in
19,Rajasthan,8,10,"ESI Dispensary-2, Ramdwar Road, Bhilwara",01482-236010,61482001,disp-bhilwara.rj2@esic.nic.in
19,Rajasthan,9,Rajasthan
19,Rajasthan,9,1,"ESI Dispensary No. 1, ESIC Quarter, South West Block, Kala Kuan, Alwar, 301001",0144-2346696,60144007,disp-alwar1.rj@esic.nic.in
19,Rajasthan,9,2,"ESI Dispensary No. 2, Matsya Industrial Area, Alwar",0144-2881078,60144001,disp-alwar2.rj@esic.nic.in
19,Rajasthan,9,3,"ESI Dispensary No. 1, Kala Bagh, Bajrang Garh Choraha, Ajmer",0145-2427881,60145004,disp-ajmer1.rj@esic.nic.in
19,Rajasthan,9,4,"ESI Dispensary No. 2, Gandhi Bhawan, Purana Setalite Hospital, Adarsh Nagar, Ajmer",0145-2680612,60145001,disp-ajmer2.rj@esic.nic.in
19,Rajasthan,9,5,"Plot No 1202 Sec 29, RICO Industrial Area, Bhiwadi, Phase 3, Alwar, Rajasthan-301019",01493-220970,-,disp-bhiwadi.rj@esic.nic.in
19,Rajasthan,9,6,"ESI Dispensary, Industrial Area, Dahod Road, Opp Milk Diary, Banswara",02962-254556,62962001,disp-banswara.rj@esic.nic.in
19,Rajasthan,9,7,"ESI Dispensary, Beawar College Road, Beawar, Distt. Ajmer",01462-224635,61462001,disp-beawar.rj@esic.nic.in
19,Rajasthan,9,8,"ESI Disp. No. 3, Village- Guwardi, Post- Swaroopganj, Opp- Mandapia Railway Station, Via- Hameergarh, Distt. Bhilwara",9413948583,61482004,disp-bhilwara3.rj@esic.nic.in
19,Rajasthan,9,9,"ESI Dispensary,  Genl. Hosp. Premises, Gangapur, Bhilwara",01481-220727,61482007,disp-gangapur.rj@esic.nic.in
19,Rajasthan,9,10,"ESI Dispensary-2, Ramdwar Road, Bhilwara",01482-236010,61482001,disp-bhilwara.rj2@esic.nic.in
20,Tamil Nadu,1,Tamil Nadu
20,Tamil Nadu,1,1,"Ambur.21, kakachandan street, Ambur-635802",94434 03932  04174 - 242684,-,ict[dot]rochennai[at]esic[dot]nic[dot]in
20,Tamil Nadu,1,2,"ESI Dispensary Arakonam MIG-1A-9, TNHB Jothi Nagar, Arakonam-631001. Land mark near taluk office",9566693300  04177 - 232458,-,disp[hyphen]arakonam.tn@esic.in
20,Tamil Nadu,1,3,"Arani.29A,Subramanis shstri street.Arani-632301.",94430 99955  04173 - 226007,-,disp[hyphen]arani[dot]tn[at]esic[dot]in
20,Tamil Nadu,1,4,"ESI dispensary,Ambattur-I,MTH RD,Ambattur,chn-600053.",9841043989  044-26248111,-,disp[hyphen]ambattur1[dot]tn[at]esic[dot]nic[dot]in
20,Tamil Nadu,1,5,"ESI dispensary,Ambattur-II,MTH RD,Ambattur,chn-600053.",9841043989  044-26248111,-,disp[hyphen]ambattur2[dot]tn[at]esic[dot]nic[dot]in
20,Tamil Nadu,1,6,"Mount Road Dispensary, EGMORE,Sathyamurty RD,Chetpet,chn-600031",9444137096  044-28362808,-,disp[hyphen]annasalai[dot]tn@esic[dot]nic[dot]in
20,Tamil Nadu,1,7,"ESI dispensary, Avadi, MTH RD,Avadi,chn-600054",9884270702 044-26380335,-,disp[hyphen]avadi[dot]tn[at]esic[dot]nic[dot]in
20,Tamil Nadu,1,8,"EGMORE,Sathyamurty RD,Chetpet,chn-600031",9444585191  044-28362027,-,disp[hyphen]egmore[dot]tn[at]esic[dot]nic[dot]in
20,Tamil Nadu,1,9,"Harbour, 39,Aiyaapa Naicken Street.george town.Chn-600001",9940405902  044-25211615,-,disp[hyphen]harbour[dot]tn[at]esic[dot]in
20,Tamil Nadu,1,10,"ESI Dispensary, 5, College Road, 2nd Street, OKS Building, Tiruppur-641602.",0421-2240453,-,disp[hyphen]tiruppur2[dot]tn[at]esic[dot]nic[dot]in
20,Tamil Nadu,2,Tamil Nadu
20,Tamil Nadu,2,1,"Ambur.21, kakachandan street, Ambur-635802",94434 03932  04174 - 242684,-,ict[dot]rochennai[at]esic[dot]nic[dot]in
20,Tamil Nadu,2,2,"ESI Dispensary Arakonam MIG-1A-9, TNHB Jothi Nagar, Arakonam-631001. Land mark near taluk office",9566693300  04177 - 232458,-,disp[hyphen]arakonam.tn@esic.in
20,Tamil Nadu,2,3,"Arani.29A,Subramanis shstri street.Arani-632301.",94430 99955  04173 - 226007,-,disp[hyphen]arani[dot]tn[at]esic[dot]in
20,Tamil Nadu,2,4,"ESI dispensary,Ambattur-I,MTH RD,Ambattur,chn-600053.",9841043989  044-26248111,-,disp[hyphen]ambattur1[dot]tn[at]esic[dot]nic[dot]in
20,Tamil Nadu,2,5,"ESI dispensary,Ambattur-II,MTH RD,Ambattur,chn-600053.",9841043989  044-26248111,-,disp[hyphen]ambattur2[dot]tn[at]esic[dot]nic[dot]in
20,Tamil Nadu,2,6,"Mount Road Dispensary, EGMORE,Sathyamurty RD,Chetpet,chn-600031",9444137096  044-28362808,-,disp[hyphen]annasalai[dot]tn@esic[dot]nic[dot]in
20,Tamil Nadu,2,7,"ESI dispensary, Avadi, MTH RD,Avadi,chn-600054",9884270702 044-26380335,-,disp[hyphen]avadi[dot]tn[at]esic[dot]nic[dot]in
20,Tamil Nadu,2,8,"EGMORE,Sathyamurty RD,Chetpet,chn-600031",9444585191  044-28362027,-,disp[hyphen]egmore[dot]tn[at]esic[dot]nic[dot]in
20,Tamil Nadu,2,9,"Harbour, 39,Aiyaapa Naicken Street.george town.Chn-600001",9940405902  044-25211615,-,disp[hyphen]harbour[dot]tn[at]esic[dot]in
20,Tamil Nadu,2,10,"ESI Dispensary, 5, College Road, 2nd Street, OKS Building, Tiruppur-641602.",0421-2240453,-,disp[hyphen]tiruppur2[dot]tn[at]esic[dot]nic[dot]in
20,Tamil Nadu,3,Tamil Nadu
20,Tamil Nadu,3,1,"Ambur.21, kakachandan street, Ambur-635802",94434 03932  04174 - 242684,-,ict[dot]rochennai[at]esic[dot]nic[dot]in
20,Tamil Nadu,3,2,"ESI Dispensary Arakonam MIG-1A-9, TNHB Jothi Nagar, Arakonam-631001. Land mark near taluk office",9566693300  04177 - 232458,-,disp[hyphen]arakonam.tn@esic.in
20,Tamil Nadu,3,3,"Arani.29A,Subramanis shstri street.Arani-632301.",94430 99955  04173 - 226007,-,disp[hyphen]arani[dot]tn[at]esic[dot]in
20,Tamil Nadu,3,4,"ESI dispensary,Ambattur-I,MTH RD,Ambattur,chn-600053.",9841043989  044-26248111,-,disp[hyphen]ambattur1[dot]tn[at]esic[dot]nic[dot]in
20,Tamil Nadu,3,5,"ESI dispensary,Ambattur-II,MTH RD,Ambattur,chn-600053.",9841043989  044-26248111,-,disp[hyphen]ambattur2[dot]tn[at]esic[dot]nic[dot]in
20,Tamil Nadu,3,6,"Mount Road Dispensary, EGMORE,Sathyamurty RD,Chetpet,chn-600031",9444137096  044-28362808,-,disp[hyphen]annasalai[dot]tn@esic[dot]nic[dot]in
20,Tamil Nadu,3,7,"ESI dispensary, Avadi, MTH RD,Avadi,chn-600054",9884270702 044-26380335,-,disp[hyphen]avadi[dot]tn[at]esic[dot]nic[dot]in
20,Tamil Nadu,3,8,"EGMORE,Sathyamurty RD,Chetpet,chn-600031",9444585191  044-28362027,-,disp[hyphen]egmore[dot]tn[at]esic[dot]nic[dot]in
20,Tamil Nadu,3,9,"Harbour, 39,Aiyaapa Naicken Street.george town.Chn-600001",9940405902  044-25211615,-,disp[hyphen]harbour[dot]tn[at]esic[dot]in
20,Tamil Nadu,3,10,"ESI Dispensary, 5, College Road, 2nd Street, OKS Building, Tiruppur-641602.",0421-2240453,-,disp[hyphen]tiruppur2[dot]tn[at]esic[dot]nic[dot]in
20,Tamil Nadu,4,Tamil Nadu
20,Tamil Nadu,4,1,"Ambur.21, kakachandan street, Ambur-635802",94434 03932  04174 - 242684,-,ict[dot]rochennai[at]esic[dot]nic[dot]in
20,Tamil Nadu,4,2,"ESI Dispensary Arakonam MIG-1A-9, TNHB Jothi Nagar, Arakonam-631001. Land mark near taluk office",9566693300  04177 - 232458,-,disp[hyphen]arakonam.tn@esic.in
20,Tamil Nadu,4,3,"Arani.29A,Subramanis shstri street.Arani-632301.",94430 99955  04173 - 226007,-,disp[hyphen]arani[dot]tn[at]esic[dot]in
20,Tamil Nadu,4,4,"ESI dispensary,Ambattur-I,MTH RD,Ambattur,chn-600053.",9841043989  044-26248111,-,disp[hyphen]ambattur1[dot]tn[at]esic[dot]nic[dot]in
20,Tamil Nadu,4,5,"ESI dispensary,Ambattur-II,MTH RD,Ambattur,chn-600053.",9841043989  044-26248111,-,disp[hyphen]ambattur2[dot]tn[at]esic[dot]nic[dot]in
20,Tamil Nadu,4,6,"Mount Road Dispensary, EGMORE,Sathyamurty RD,Chetpet,chn-600031",9444137096  044-28362808,-,disp[hyphen]annasalai[dot]tn@esic[dot]nic[dot]in
20,Tamil Nadu,4,7,"ESI dispensary, Avadi, MTH RD,Avadi,chn-600054",9884270702 044-26380335,-,disp[hyphen]avadi[dot]tn[at]esic[dot]nic[dot]in
20,Tamil Nadu,4,8,"EGMORE,Sathyamurty RD,Chetpet,chn-600031",9444585191  044-28362027,-,disp[hyphen]egmore[dot]tn[at]esic[dot]nic[dot]in
20,Tamil Nadu,4,9,"Harbour, 39,Aiyaapa Naicken Street.george town.Chn-600001",9940405902  044-25211615,-,disp[hyphen]harbour[dot]tn[at]esic[dot]in
20,Tamil Nadu,4,10,"ESI Dispensary, 5, College Road, 2nd Street, OKS Building, Tiruppur-641602.",0421-2240453,-,disp[hyphen]tiruppur2[dot]tn[at]esic[dot]nic[dot]in
20,Tamil Nadu,5,Tamil Nadu
20,Tamil Nadu,5,1,"Ambur.21, kakachandan street, Ambur-635802",94434 03932  04174 - 242684,-,ict[dot]rochennai[at]esic[dot]nic[dot]in
20,Tamil Nadu,5,2,"ESI Dispensary Arakonam MIG-1A-9, TNHB Jothi Nagar, Arakonam-631001. Land mark near taluk office",9566693300  04177 - 232458,-,disp[hyphen]arakonam.tn@esic.in
20,Tamil Nadu,5,3,"Arani.29A,Subramanis shstri street.Arani-632301.",94430 99955  04173 - 226007,-,disp[hyphen]arani[dot]tn[at]esic[dot]in
20,Tamil Nadu,5,4,"ESI dispensary,Ambattur-I,MTH RD,Ambattur,chn-600053.",9841043989  044-26248111,-,disp[hyphen]ambattur1[dot]tn[at]esic[dot]nic[dot]in
20,Tamil Nadu,5,5,"ESI dispensary,Ambattur-II,MTH RD,Ambattur,chn-600053.",9841043989  044-26248111,-,disp[hyphen]ambattur2[dot]tn[at]esic[dot]nic[dot]in
20,Tamil Nadu,5,6,"Mount Road Dispensary, EGMORE,Sathyamurty RD,Chetpet,chn-600031",9444137096  044-28362808,-,disp[hyphen]annasalai[dot]tn@esic[dot]nic[dot]in
20,Tamil Nadu,5,7,"ESI dispensary, Avadi, MTH RD,Avadi,chn-600054",9884270702 044-26380335,-,disp[hyphen]avadi[dot]tn[at]esic[dot]nic[dot]in
20,Tamil Nadu,5,8,"EGMORE,Sathyamurty RD,Chetpet,chn-600031",9444585191  044-28362027,-,disp[hyphen]egmore[dot]tn[at]esic[dot]nic[dot]in
20,Tamil Nadu,5,9,"Harbour, 39,Aiyaapa Naicken Street.george town.Chn-600001",9940405902  044-25211615,-,disp[hyphen]harbour[dot]tn[at]esic[dot]in
20,Tamil Nadu,5,10,"ESI Dispensary, 5, College Road, 2nd Street, OKS Building, Tiruppur-641602.",0421-2240453,-,disp[hyphen]tiruppur2[dot]tn[at]esic[dot]nic[dot]in
20,Tamil Nadu,6,Tamil Nadu
20,Tamil Nadu,6,1,"Ambur.21, kakachandan street, Ambur-635802",94434 03932  04174 - 242684,-,ict[dot]rochennai[at]esic[dot]nic[dot]in
20,Tamil Nadu,6,2,"ESI Dispensary Arakonam MIG-1A-9, TNHB Jothi Nagar, Arakonam-631001. Land mark near taluk office",9566693300  04177 - 232458,-,disp[hyphen]arakonam.tn@esic.in
20,Tamil Nadu,6,3,"Arani.29A,Subramanis shstri street.Arani-632301.",94430 99955  04173 - 226007,-,disp[hyphen]arani[dot]tn[at]esic[dot]in
20,Tamil Nadu,6,4,"ESI dispensary,Ambattur-I,MTH RD,Ambattur,chn-600053.",9841043989  044-26248111,-,disp[hyphen]ambattur1[dot]tn[at]esic[dot]nic[dot]in
20,Tamil Nadu,6,5,"ESI dispensary,Ambattur-II,MTH RD,Ambattur,chn-600053.",9841043989  044-26248111,-,disp[hyphen]ambattur2[dot]tn[at]esic[dot]nic[dot]in
20,Tamil Nadu,6,6,"Mount Road Dispensary, EGMORE,Sathyamurty RD,Chetpet,chn-600031",9444137096  044-28362808,-,disp[hyphen]annasalai[dot]tn@esic[dot]nic[dot]in
20,Tamil Nadu,6,7,"ESI dispensary, Avadi, MTH RD,Avadi,chn-600054",9884270702 044-26380335,-,disp[hyphen]avadi[dot]tn[at]esic[dot]nic[dot]in
20,Tamil Nadu,6,8,"EGMORE,Sathyamurty RD,Chetpet,chn-600031",9444585191  044-28362027,-,disp[hyphen]egmore[dot]tn[at]esic[dot]nic[dot]in
20,Tamil Nadu,6,9,"Harbour, 39,Aiyaapa Naicken Street.george town.Chn-600001",9940405902  044-25211615,-,disp[hyphen]harbour[dot]tn[at]esic[dot]in
20,Tamil Nadu,6,10,"ESI Dispensary, 5, College Road, 2nd Street, OKS Building, Tiruppur-641602.",0421-2240453,-,disp[hyphen]tiruppur2[dot]tn[at]esic[dot]nic[dot]in
20,Tamil Nadu,7,Tamil Nadu
20,Tamil Nadu,7,1,"Ambur.21, kakachandan street, Ambur-635802",94434 03932  04174 - 242684,-,ict[dot]rochennai[at]esic[dot]nic[dot]in
20,Tamil Nadu,7,2,"ESI Dispensary Arakonam MIG-1A-9, TNHB Jothi Nagar, Arakonam-631001. Land mark near taluk office",9566693300  04177 - 232458,-,disp[hyphen]arakonam.tn@esic.in
20,Tamil Nadu,7,3,"Arani.29A,Subramanis shstri street.Arani-632301.",94430 99955  04173 - 226007,-,disp[hyphen]arani[dot]tn[at]esic[dot]in
20,Tamil Nadu,7,4,"ESI dispensary,Ambattur-I,MTH RD,Ambattur,chn-600053.",9841043989  044-26248111,-,disp[hyphen]ambattur1[dot]tn[at]esic[dot]nic[dot]in
20,Tamil Nadu,7,5,"ESI dispensary,Ambattur-II,MTH RD,Ambattur,chn-600053.",9841043989  044-26248111,-,disp[hyphen]ambattur2[dot]tn[at]esic[dot]nic[dot]in
20,Tamil Nadu,7,6,"Mount Road Dispensary, EGMORE,Sathyamurty RD,Chetpet,chn-600031",9444137096  044-28362808,-,disp[hyphen]annasalai[dot]tn@esic[dot]nic[dot]in
20,Tamil Nadu,7,7,"ESI dispensary, Avadi, MTH RD,Avadi,chn-600054",9884270702 044-26380335,-,disp[hyphen]avadi[dot]tn[at]esic[dot]nic[dot]in
20,Tamil Nadu,7,8,"EGMORE,Sathyamurty RD,Chetpet,chn-600031",9444585191  044-28362027,-,disp[hyphen]egmore[dot]tn[at]esic[dot]nic[dot]in
20,Tamil Nadu,7,9,"Harbour, 39,Aiyaapa Naicken Street.george town.Chn-600001",9940405902  044-25211615,-,disp[hyphen]harbour[dot]tn[at]esic[dot]in
20,Tamil Nadu,7,10,"ESI Dispensary, 5, College Road, 2nd Street, OKS Building, Tiruppur-641602.",0421-2240453,-,disp[hyphen]tiruppur2[dot]tn[at]esic[dot]nic[dot]in
20,Tamil Nadu,8,Tamil Nadu
20,Tamil Nadu,8,1,"Ambur.21, kakachandan street, Ambur-635802",94434 03932  04174 - 242684,-,ict[dot]rochennai[at]esic[dot]nic[dot]in
20,Tamil Nadu,8,2,"ESI Dispensary Arakonam MIG-1A-9, TNHB Jothi Nagar, Arakonam-631001. Land mark near taluk office",9566693300  04177 - 232458,-,disp[hyphen]arakonam.tn@esic.in
20,Tamil Nadu,8,3,"Arani.29A,Subramanis shstri street.Arani-632301.",94430 99955  04173 - 226007,-,disp[hyphen]arani[dot]tn[at]esic[dot]in
20,Tamil Nadu,8,4,"ESI dispensary,Ambattur-I,MTH RD,Ambattur,chn-600053.",9841043989  044-26248111,-,disp[hyphen]ambattur1[dot]tn[at]esic[dot]nic[dot]in
20,Tamil Nadu,8,5,"ESI dispensary,Ambattur-II,MTH RD,Ambattur,chn-600053.",9841043989  044-26248111,-,disp[hyphen]ambattur2[dot]tn[at]esic[dot]nic[dot]in
20,Tamil Nadu,8,6,"Mount Road Dispensary, EGMORE,Sathyamurty RD,Chetpet,chn-600031",9444137096  044-28362808,-,disp[hyphen]annasalai[dot]tn@esic[dot]nic[dot]in
20,Tamil Nadu,8,7,"ESI dispensary, Avadi, MTH RD,Avadi,chn-600054",9884270702 044-26380335,-,disp[hyphen]avadi[dot]tn[at]esic[dot]nic[dot]in
20,Tamil Nadu,8,8,"EGMORE,Sathyamurty RD,Chetpet,chn-600031",9444585191  044-28362027,-,disp[hyphen]egmore[dot]tn[at]esic[dot]nic[dot]in
20,Tamil Nadu,8,9,"Harbour, 39,Aiyaapa Naicken Street.george town.Chn-600001",9940405902  044-25211615,-,disp[hyphen]harbour[dot]tn[at]esic[dot]in
20,Tamil Nadu,8,10,"ESI Dispensary, 5, College Road, 2nd Street, OKS Building, Tiruppur-641602.",0421-2240453,-,disp[hyphen]tiruppur2[dot]tn[at]esic[dot]nic[dot]in
20,Tamil Nadu,9,Tamil Nadu
20,Tamil Nadu,9,1,"Ambur.21, kakachandan street, Ambur-635802",94434 03932  04174 - 242684,-,ict[dot]rochennai[at]esic[dot]nic[dot]in
20,Tamil Nadu,9,2,"ESI Dispensary Arakonam MIG-1A-9, TNHB Jothi Nagar, Arakonam-631001. Land mark near taluk office",9566693300  04177 - 232458,-,disp[hyphen]arakonam.tn@esic.in
20,Tamil Nadu,9,3,"Arani.29A,Subramanis shstri street.Arani-632301.",94430 99955  04173 - 226007,-,disp[hyphen]arani[dot]tn[at]esic[dot]in
20,Tamil Nadu,9,4,"ESI dispensary,Ambattur-I,MTH RD,Ambattur,chn-600053.",9841043989  044-26248111,-,disp[hyphen]ambattur1[dot]tn[at]esic[dot]nic[dot]in
20,Tamil Nadu,9,5,"ESI dispensary,Ambattur-II,MTH RD,Ambattur,chn-600053.",9841043989  044-26248111,-,disp[hyphen]ambattur2[dot]tn[at]esic[dot]nic[dot]in
20,Tamil Nadu,9,6,"Mount Road Dispensary, EGMORE,Sathyamurty RD,Chetpet,chn-600031",9444137096  044-28362808,-,disp[hyphen]annasalai[dot]tn@esic[dot]nic[dot]in
20,Tamil Nadu,9,7,"ESI dispensary, Avadi, MTH RD,Avadi,chn-600054",9884270702 044-26380335,-,disp[hyphen]avadi[dot]tn[at]esic[dot]nic[dot]in
20,Tamil Nadu,9,8,"EGMORE,Sathyamurty RD,Chetpet,chn-600031",9444585191  044-28362027,-,disp[hyphen]egmore[dot]tn[at]esic[dot]nic[dot]in
20,Tamil Nadu,9,9,"Harbour, 39,Aiyaapa Naicken Street.george town.Chn-600001",9940405902  044-25211615,-,disp[hyphen]harbour[dot]tn[at]esic[dot]in
20,Tamil Nadu,9,10,"ESI Dispensary, 5, College Road, 2nd Street, OKS Building, Tiruppur-641602.",0421-2240453,-,disp[hyphen]tiruppur2[dot]tn[at]esic[dot]nic[dot]in
46,Telangana,1,Telangana
46,Telangana,1,1,"ESI Dispensary Kavadiguda New and Vidya Nagar
Door No.1-9-800 and 801, Adikmet,Vidyanagar, Jamai Osmania Bridge, Opp Pillar no-14, Hyderabad-
500044",040-27074022,-,vanajarao65[at]gmail[dot]com
46,Telangana,1,2,"ESI Dispensary Regimental Bazar and  Secunderabad
H.no.13-2-2, Sai Kuteer, Balamrai, Near Paradise Circle, Secunderabad - 500003",040-27900071,-,esicdsecrb[at]gmail[dot]com
46,Telangana,1,3,"ESI Dispensary Moulali and Chilkalguda
H.NO. 4-7-12-64, Ravinder Nagar, opp ESI NACHARAM HOSPITAL-500076",040-27171995,.,esidtkgml[at]gmail.[dot]com
46,Telangana,1,4,"ESI Dispensary Dabeerpura and Yakutpura
H.no.16-11-20-5, Saleem nagar colony, OppKGH Hospital, Malakpet, Hyderabad
500036",9701218897,.,esidypdp[at]gmail[dot]com
46,Telangana,1,5,"ESI Dispensary Jeedimetla-I and II
ESI Dispesnsary, Shapoor X road, HMT, Jeedimetla-500855,R.R Dt.",9866178881,-,esidjdm[at]gmail[dot]com
46,Telangana,1,6,"ESI Dispensary Ramavaram  Sarapaka
H.no.1-75, SarapakaV, BurgampahadM, Near Petrol Bunk, DistBhadradhri, Kothagudem-507128",9948361990,.,chandru.banavath[at]gmail[dot]com
46,Telangana,1,7,"ESI Dispensary Basanthnagar
Near Telugu medium school, Basanthnagar, Peddapalli Dist-505187",8374115473,-,gajjelasrujana[at]gmail[dot]com
46,Telangana,1,8,"ESI Dispensary Bhongir
D.no. 2-7-60, Azad Road, Bhongir, Yadadri Bhuvanagiri Dist - 508126",9849032944,-,gudivadaprasanth[at]gmail[dot]com
46,Telangana,1,9,"ESI Dispensary Bollaram
Plot no69, Near Hostspot Dhaba, IDA Bollaram, Bachupally, Medchal Dist
500090",9885898811,-,esidblrm[at]gmail[dot]com
46,Telangana,1,10,"ESI Dispensary Bonthapally
D.No.11-71, Main Road, Gummadidala, Jinnaram Mandal, Bonthapally, Sangareddy Dist.
502313",9347018457  9032599595,-,esidbp[at]gmail[dot]com
46,Telangana,2,Telangana
46,Telangana,2,1,"ESI Dispensary Kavadiguda New and Vidya Nagar
Door No.1-9-800 and 801, Adikmet,Vidyanagar, Jamai Osmania Bridge, Opp Pillar no-14, Hyderabad-
500044",040-27074022,-,vanajarao65[at]gmail[dot]com
46,Telangana,2,2,"ESI Dispensary Regimental Bazar and  Secunderabad
H.no.13-2-2, Sai Kuteer, Balamrai, Near Paradise Circle, Secunderabad - 500003",040-27900071,-,esicdsecrb[at]gmail[dot]com
46,Telangana,2,3,"ESI Dispensary Moulali and Chilkalguda
H.NO. 4-7-12-64, Ravinder Nagar, opp ESI NACHARAM HOSPITAL-500076",040-27171995,.,esidtkgml[at]gmail.[dot]com
46,Telangana,2,4,"ESI Dispensary Dabeerpura and Yakutpura
H.no.16-11-20-5, Saleem nagar colony, OppKGH Hospital, Malakpet, Hyderabad
500036",9701218897,.,esidypdp[at]gmail[dot]com
46,Telangana,2,5,"ESI Dispensary Jeedimetla-I and II
ESI Dispesnsary, Shapoor X road, HMT, Jeedimetla-500855,R.R Dt.",9866178881,-,esidjdm[at]gmail[dot]com
46,Telangana,2,6,"ESI Dispensary Ramavaram  Sarapaka
H.no.1-75, SarapakaV, BurgampahadM, Near Petrol Bunk, DistBhadradhri, Kothagudem-507128",9948361990,.,chandru.banavath[at]gmail[dot]com
46,Telangana,2,7,"ESI Dispensary Basanthnagar
Near Telugu medium school, Basanthnagar, Peddapalli Dist-505187",8374115473,-,gajjelasrujana[at]gmail[dot]com
46,Telangana,2,8,"ESI Dispensary Bhongir
D.no. 2-7-60, Azad Road, Bhongir, Yadadri Bhuvanagiri Dist - 508126",9849032944,-,gudivadaprasanth[at]gmail[dot]com
46,Telangana,2,9,"ESI Dispensary Bollaram
Plot no69, Near Hostspot Dhaba, IDA Bollaram, Bachupally, Medchal Dist
500090",9885898811,-,esidblrm[at]gmail[dot]com
46,Telangana,2,10,"ESI Dispensary Bonthapally
D.No.11-71, Main Road, Gummadidala, Jinnaram Mandal, Bonthapally, Sangareddy Dist.
502313",9347018457  9032599595,-,esidbp[at]gmail[dot]com
46,Telangana,3,Telangana
46,Telangana,3,1,"ESI Dispensary Kavadiguda New and Vidya Nagar
Door No.1-9-800 and 801, Adikmet,Vidyanagar, Jamai Osmania Bridge, Opp Pillar no-14, Hyderabad-
500044",040-27074022,-,vanajarao65[at]gmail[dot]com
46,Telangana,3,2,"ESI Dispensary Regimental Bazar and  Secunderabad
H.no.13-2-2, Sai Kuteer, Balamrai, Near Paradise Circle, Secunderabad - 500003",040-27900071,-,esicdsecrb[at]gmail[dot]com
46,Telangana,3,3,"ESI Dispensary Moulali and Chilkalguda
H.NO. 4-7-12-64, Ravinder Nagar, opp ESI NACHARAM HOSPITAL-500076",040-27171995,.,esidtkgml[at]gmail.[dot]com
46,Telangana,3,4,"ESI Dispensary Dabeerpura and Yakutpura
H.no.16-11-20-5, Saleem nagar colony, OppKGH Hospital, Malakpet, Hyderabad
500036",9701218897,.,esidypdp[at]gmail[dot]com
46,Telangana,3,5,"ESI Dispensary Jeedimetla-I and II
ESI Dispesnsary, Shapoor X road, HMT, Jeedimetla-500855,R.R Dt.",9866178881,-,esidjdm[at]gmail[dot]com
46,Telangana,3,6,"ESI Dispensary Ramavaram  Sarapaka
H.no.1-75, SarapakaV, BurgampahadM, Near Petrol Bunk, DistBhadradhri, Kothagudem-507128",9948361990,.,chandru.banavath[at]gmail[dot]com
46,Telangana,3,7,"ESI Dispensary Basanthnagar
Near Telugu medium school, Basanthnagar, Peddapalli Dist-505187",8374115473,-,gajjelasrujana[at]gmail[dot]com
46,Telangana,3,8,"ESI Dispensary Bhongir
D.no. 2-7-60, Azad Road, Bhongir, Yadadri Bhuvanagiri Dist - 508126",9849032944,-,gudivadaprasanth[at]gmail[dot]com
46,Telangana,3,9,"ESI Dispensary Bollaram
Plot no69, Near Hostspot Dhaba, IDA Bollaram, Bachupally, Medchal Dist
500090",9885898811,-,esidblrm[at]gmail[dot]com
46,Telangana,3,10,"ESI Dispensary Bonthapally
D.No.11-71, Main Road, Gummadidala, Jinnaram Mandal, Bonthapally, Sangareddy Dist.
502313",9347018457  9032599595,-,esidbp[at]gmail[dot]com
46,Telangana,4,Telangana
46,Telangana,4,1,"ESI Dispensary Kavadiguda New and Vidya Nagar
Door No.1-9-800 and 801, Adikmet,Vidyanagar, Jamai Osmania Bridge, Opp Pillar no-14, Hyderabad-
500044",040-27074022,-,vanajarao65[at]gmail[dot]com
46,Telangana,4,2,"ESI Dispensary Regimental Bazar and  Secunderabad
H.no.13-2-2, Sai Kuteer, Balamrai, Near Paradise Circle, Secunderabad - 500003",040-27900071,-,esicdsecrb[at]gmail[dot]com
46,Telangana,4,3,"ESI Dispensary Moulali and Chilkalguda
H.NO. 4-7-12-64, Ravinder Nagar, opp ESI NACHARAM HOSPITAL-500076",040-27171995,.,esidtkgml[at]gmail.[dot]com
46,Telangana,4,4,"ESI Dispensary Dabeerpura and Yakutpura
H.no.16-11-20-5, Saleem nagar colony, OppKGH Hospital, Malakpet, Hyderabad
500036",9701218897,.,esidypdp[at]gmail[dot]com
46,Telangana,4,5,"ESI Dispensary Jeedimetla-I and II
ESI Dispesnsary, Shapoor X road, HMT, Jeedimetla-500855,R.R Dt.",9866178881,-,esidjdm[at]gmail[dot]com
46,Telangana,4,6,"ESI Dispensary Ramavaram  Sarapaka
H.no.1-75, SarapakaV, BurgampahadM, Near Petrol Bunk, DistBhadradhri, Kothagudem-507128",9948361990,.,chandru.banavath[at]gmail[dot]com
46,Telangana,4,7,"ESI Dispensary Basanthnagar
Near Telugu medium school, Basanthnagar, Peddapalli Dist-505187",8374115473,-,gajjelasrujana[at]gmail[dot]com
46,Telangana,4,8,"ESI Dispensary Bhongir
D.no. 2-7-60, Azad Road, Bhongir, Yadadri Bhuvanagiri Dist - 508126",9849032944,-,gudivadaprasanth[at]gmail[dot]com
46,Telangana,4,9,"ESI Dispensary Bollaram
Plot no69, Near Hostspot Dhaba, IDA Bollaram, Bachupally, Medchal Dist
500090",9885898811,-,esidblrm[at]gmail[dot]com
46,Telangana,4,10,"ESI Dispensary Bonthapally
D.No.11-71, Main Road, Gummadidala, Jinnaram Mandal, Bonthapally, Sangareddy Dist.
502313",9347018457  9032599595,-,esidbp[at]gmail[dot]com
46,Telangana,5,Telangana
46,Telangana,5,1,"ESI Dispensary Kavadiguda New and Vidya Nagar
Door No.1-9-800 and 801, Adikmet,Vidyanagar, Jamai Osmania Bridge, Opp Pillar no-14, Hyderabad-
500044",040-27074022,-,vanajarao65[at]gmail[dot]com
46,Telangana,5,2,"ESI Dispensary Regimental Bazar and  Secunderabad
H.no.13-2-2, Sai Kuteer, Balamrai, Near Paradise Circle, Secunderabad - 500003",040-27900071,-,esicdsecrb[at]gmail[dot]com
46,Telangana,5,3,"ESI Dispensary Moulali and Chilkalguda
H.NO. 4-7-12-64, Ravinder Nagar, opp ESI NACHARAM HOSPITAL-500076",040-27171995,.,esidtkgml[at]gmail.[dot]com
46,Telangana,5,4,"ESI Dispensary Dabeerpura and Yakutpura
H.no.16-11-20-5, Saleem nagar colony, OppKGH Hospital, Malakpet, Hyderabad
500036",9701218897,.,esidypdp[at]gmail[dot]com
46,Telangana,5,5,"ESI Dispensary Jeedimetla-I and II
ESI Dispesnsary, Shapoor X road, HMT, Jeedimetla-500855,R.R Dt.",9866178881,-,esidjdm[at]gmail[dot]com
46,Telangana,5,6,"ESI Dispensary Ramavaram  Sarapaka
H.no.1-75, SarapakaV, BurgampahadM, Near Petrol Bunk, DistBhadradhri, Kothagudem-507128",9948361990,.,chandru.banavath[at]gmail[dot]com
46,Telangana,5,7,"ESI Dispensary Basanthnagar
Near Telugu medium school, Basanthnagar, Peddapalli Dist-505187",8374115473,-,gajjelasrujana[at]gmail[dot]com
46,Telangana,5,8,"ESI Dispensary Bhongir
D.no. 2-7-60, Azad Road, Bhongir, Yadadri Bhuvanagiri Dist - 508126",9849032944,-,gudivadaprasanth[at]gmail[dot]com
46,Telangana,5,9,"ESI Dispensary Bollaram
Plot no69, Near Hostspot Dhaba, IDA Bollaram, Bachupally, Medchal Dist
500090",9885898811,-,esidblrm[at]gmail[dot]com
46,Telangana,5,10,"ESI Dispensary Bonthapally
D.No.11-71, Main Road, Gummadidala, Jinnaram Mandal, Bonthapally, Sangareddy Dist.
502313",9347018457  9032599595,-,esidbp[at]gmail[dot]com
46,Telangana,6,Telangana
46,Telangana,6,1,"ESI Dispensary Kavadiguda New and Vidya Nagar
Door No.1-9-800 and 801, Adikmet,Vidyanagar, Jamai Osmania Bridge, Opp Pillar no-14, Hyderabad-
500044",040-27074022,-,vanajarao65[at]gmail[dot]com
46,Telangana,6,2,"ESI Dispensary Regimental Bazar and  Secunderabad
H.no.13-2-2, Sai Kuteer, Balamrai, Near Paradise Circle, Secunderabad - 500003",040-27900071,-,esicdsecrb[at]gmail[dot]com
46,Telangana,6,3,"ESI Dispensary Moulali and Chilkalguda
H.NO. 4-7-12-64, Ravinder Nagar, opp ESI NACHARAM HOSPITAL-500076",040-27171995,.,esidtkgml[at]gmail.[dot]com
46,Telangana,6,4,"ESI Dispensary Dabeerpura and Yakutpura
H.no.16-11-20-5, Saleem nagar colony, OppKGH Hospital, Malakpet, Hyderabad
500036",9701218897,.,esidypdp[at]gmail[dot]com
46,Telangana,6,5,"ESI Dispensary Jeedimetla-I and II
ESI Dispesnsary, Shapoor X road, HMT, Jeedimetla-500855,R.R Dt.",9866178881,-,esidjdm[at]gmail[dot]com
46,Telangana,6,6,"ESI Dispensary Ramavaram  Sarapaka
H.no.1-75, SarapakaV, BurgampahadM, Near Petrol Bunk, DistBhadradhri, Kothagudem-507128",9948361990,.,chandru.banavath[at]gmail[dot]com
46,Telangana,6,7,"ESI Dispensary Basanthnagar
Near Telugu medium school, Basanthnagar, Peddapalli Dist-505187",8374115473,-,gajjelasrujana[at]gmail[dot]com
46,Telangana,6,8,"ESI Dispensary Bhongir
D.no. 2-7-60, Azad Road, Bhongir, Yadadri Bhuvanagiri Dist - 508126",9849032944,-,gudivadaprasanth[at]gmail[dot]com
46,Telangana,6,9,"ESI Dispensary Bollaram
Plot no69, Near Hostspot Dhaba, IDA Bollaram, Bachupally, Medchal Dist
500090",9885898811,-,esidblrm[at]gmail[dot]com
46,Telangana,6,10,"ESI Dispensary Bonthapally
D.No.11-71, Main Road, Gummadidala, Jinnaram Mandal, Bonthapally, Sangareddy Dist.
502313",9347018457  9032599595,-,esidbp[at]gmail[dot]com
46,Telangana,7,Telangana
46,Telangana,7,1,"ESI Dispensary Kavadiguda New and Vidya Nagar
Door No.1-9-800 and 801, Adikmet,Vidyanagar, Jamai Osmania Bridge, Opp Pillar no-14, Hyderabad-
500044",040-27074022,-,vanajarao65[at]gmail[dot]com
46,Telangana,7,2,"ESI Dispensary Regimental Bazar and  Secunderabad
H.no.13-2-2, Sai Kuteer, Balamrai, Near Paradise Circle, Secunderabad - 500003",040-27900071,-,esicdsecrb[at]gmail[dot]com
46,Telangana,7,3,"ESI Dispensary Moulali and Chilkalguda
H.NO. 4-7-12-64, Ravinder Nagar, opp ESI NACHARAM HOSPITAL-500076",040-27171995,.,esidtkgml[at]gmail.[dot]com
46,Telangana,7,4,"ESI Dispensary Dabeerpura and Yakutpura
H.no.16-11-20-5, Saleem nagar colony, OppKGH Hospital, Malakpet, Hyderabad
500036",9701218897,.,esidypdp[at]gmail[dot]com
46,Telangana,7,5,"ESI Dispensary Jeedimetla-I and II
ESI Dispesnsary, Shapoor X road, HMT, Jeedimetla-500855,R.R Dt.",9866178881,-,esidjdm[at]gmail[dot]com
46,Telangana,7,6,"ESI Dispensary Ramavaram  Sarapaka
H.no.1-75, SarapakaV, BurgampahadM, Near Petrol Bunk, DistBhadradhri, Kothagudem-507128",9948361990,.,chandru.banavath[at]gmail[dot]com
46,Telangana,7,7,"ESI Dispensary Basanthnagar
Near Telugu medium school, Basanthnagar, Peddapalli Dist-505187",8374115473,-,gajjelasrujana[at]gmail[dot]com
46,Telangana,7,8,"ESI Dispensary Bhongir
D.no. 2-7-60, Azad Road, Bhongir, Yadadri Bhuvanagiri Dist - 508126",9849032944,-,gudivadaprasanth[at]gmail[dot]com
46,Telangana,7,9,"ESI Dispensary Bollaram
Plot no69, Near Hostspot Dhaba, IDA Bollaram, Bachupally, Medchal Dist
500090",9885898811,-,esidblrm[at]gmail[dot]com
46,Telangana,7,10,"ESI Dispensary Bonthapally
D.No.11-71, Main Road, Gummadidala, Jinnaram Mandal, Bonthapally, Sangareddy Dist.
502313",9347018457  9032599595,-,esidbp[at]gmail[dot]com
46,Telangana,8,Telangana
46,Telangana,8,1,"ESI Dispensary Kavadiguda New and Vidya Nagar
Door No.1-9-800 and 801, Adikmet,Vidyanagar, Jamai Osmania Bridge, Opp Pillar no-14, Hyderabad-
500044",040-27074022,-,vanajarao65[at]gmail[dot]com
46,Telangana,8,2,"ESI Dispensary Regimental Bazar and  Secunderabad
H.no.13-2-2, Sai Kuteer, Balamrai, Near Paradise Circle, Secunderabad - 500003",040-27900071,-,esicdsecrb[at]gmail[dot]com
46,Telangana,8,3,"ESI Dispensary Moulali and Chilkalguda
H.NO. 4-7-12-64, Ravinder Nagar, opp ESI NACHARAM HOSPITAL-500076",040-27171995,.,esidtkgml[at]gmail.[dot]com
46,Telangana,8,4,"ESI Dispensary Dabeerpura and Yakutpura
H.no.16-11-20-5, Saleem nagar colony, OppKGH Hospital, Malakpet, Hyderabad
500036",9701218897,.,esidypdp[at]gmail[dot]com
46,Telangana,8,5,"ESI Dispensary Jeedimetla-I and II
ESI Dispesnsary, Shapoor X road, HMT, Jeedimetla-500855,R.R Dt.",9866178881,-,esidjdm[at]gmail[dot]com
46,Telangana,8,6,"ESI Dispensary Ramavaram  Sarapaka
H.no.1-75, SarapakaV, BurgampahadM, Near Petrol Bunk, DistBhadradhri, Kothagudem-507128",9948361990,.,chandru.banavath[at]gmail[dot]com
46,Telangana,8,7,"ESI Dispensary Basanthnagar
Near Telugu medium school, Basanthnagar, Peddapalli Dist-505187",8374115473,-,gajjelasrujana[at]gmail[dot]com
46,Telangana,8,8,"ESI Dispensary Bhongir
D.no. 2-7-60, Azad Road, Bhongir, Yadadri Bhuvanagiri Dist - 508126",9849032944,-,gudivadaprasanth[at]gmail[dot]com
46,Telangana,8,9,"ESI Dispensary Bollaram
Plot no69, Near Hostspot Dhaba, IDA Bollaram, Bachupally, Medchal Dist
500090",9885898811,-,esidblrm[at]gmail[dot]com
46,Telangana,8,10,"ESI Dispensary Bonthapally
D.No.11-71, Main Road, Gummadidala, Jinnaram Mandal, Bonthapally, Sangareddy Dist.
502313",9347018457  9032599595,-,esidbp[at]gmail[dot]com
46,Telangana,9,Telangana
46,Telangana,9,1,"ESI Dispensary Kavadiguda New and Vidya Nagar
Door No.1-9-800 and 801, Adikmet,Vidyanagar, Jamai Osmania Bridge, Opp Pillar no-14, Hyderabad-
500044",040-27074022,-,vanajarao65[at]gmail[dot]com
46,Telangana,9,2,"ESI Dispensary Regimental Bazar and  Secunderabad
H.no.13-2-2, Sai Kuteer, Balamrai, Near Paradise Circle, Secunderabad - 500003",040-27900071,-,esicdsecrb[at]gmail[dot]com
46,Telangana,9,3,"ESI Dispensary Moulali and Chilkalguda
H.NO. 4-7-12-64, Ravinder Nagar, opp ESI NACHARAM HOSPITAL-500076",040-27171995,.,esidtkgml[at]gmail.[dot]com
46,Telangana,9,4,"ESI Dispensary Dabeerpura and Yakutpura
H.no.16-11-20-5, Saleem nagar colony, OppKGH Hospital, Malakpet, Hyderabad
500036",9701218897,.,esidypdp[at]gmail[dot]com
46,Telangana,9,5,"ESI Dispensary Jeedimetla-I and II
ESI Dispesnsary, Shapoor X road, HMT, Jeedimetla-500855,R.R Dt.",9866178881,-,esidjdm[at]gmail[dot]com
46,Telangana,9,6,"ESI Dispensary Ramavaram  Sarapaka
H.no.1-75, SarapakaV, BurgampahadM, Near Petrol Bunk, DistBhadradhri, Kothagudem-507128",9948361990,.,chandru.banavath[at]gmail[dot]com
46,Telangana,9,7,"ESI Dispensary Basanthnagar
Near Telugu medium school, Basanthnagar, Peddapalli Dist-505187",8374115473,-,gajjelasrujana[at]gmail[dot]com
46,Telangana,9,8,"ESI Dispensary Bhongir
D.no. 2-7-60, Azad Road, Bhongir, Yadadri Bhuvanagiri Dist - 508126",9849032944,-,gudivadaprasanth[at]gmail[dot]com
46,Telangana,9,9,"ESI Dispensary Bollaram
Plot no69, Near Hostspot Dhaba, IDA Bollaram, Bachupally, Medchal Dist
500090",9885898811,-,esidblrm[at]gmail[dot]com
46,Telangana,9,10,"ESI Dispensary Bonthapally
D.No.11-71, Main Road, Gummadidala, Jinnaram Mandal, Bonthapally, Sangareddy Dist.
502313",9347018457  9032599595,-,esidbp[at]gmail[dot]com
140,Tripura,1,No data found.
21,Uttar Pradesh,1,Uttar Pradesh
21,Uttar Pradesh,1,1,"Ravindrapuri Colony, Lane No.-10, Bhelupur, Varanasi-221005",9889493929,60542001 60542002 60542003,-
21,Uttar Pradesh,1,2,"Vindhyavasini Nagar Colony, Orderly Bazar, Varanasi-221002",-,-,-
21,Uttar Pradesh,1,3,"ESI Dispensary, Jivini Mandi, takiya lal masjid  Agra Presently situated in ESI Hospital Agra",9358141447,-,-
21,Uttar Pradesh,1,4,"ESI Dispensary, Mobile-A, under ESI hospital Agra, Site-c Sikandra Agra",7042808182,-,-
21,Uttar Pradesh,1,5,"ESI Dispensary, new Mobile Unit, ESI Hospital Campus Agra",9837310806,-,-
21,Uttar Pradesh,1,6,"ESI Dispensary, RNM Hospital Campus Station Road, Shikohabad",7017784411,-,-
21,Uttar Pradesh,1,7,"ESI Dispensary, Chhipitola Fathehabad Road near mugal sereton Agra",9259222255,60562002,-
21,Uttar Pradesh,1,8,"ESI Dispensary, Nanuai, State Nunhai, Near Saiad trans Yamuna, Agra",-,-,-
21,Uttar Pradesh,1,9,"ESI Dispensary, Geoge Towan Amarnath jha Marg Civil Lines Allahabad",9415216785,-,-
21,Uttar Pradesh,1,10,"ESI Dispensary, Nani -I Near Swadeshi Cootton Mill naini Allahabad",8318498219,60532008,-
21,Uttar Pradesh,2,Uttar Pradesh
21,Uttar Pradesh,2,1,"Ravindrapuri Colony, Lane No.-10, Bhelupur, Varanasi-221005",9889493929,60542001 60542002 60542003,-
21,Uttar Pradesh,2,2,"Vindhyavasini Nagar Colony, Orderly Bazar, Varanasi-221002",-,-,-
21,Uttar Pradesh,2,3,"ESI Dispensary, Jivini Mandi, takiya lal masjid  Agra Presently situated in ESI Hospital Agra",9358141447,-,-
21,Uttar Pradesh,2,4,"ESI Dispensary, Mobile-A, under ESI hospital Agra, Site-c Sikandra Agra",7042808182,-,-
21,Uttar Pradesh,2,5,"ESI Dispensary, new Mobile Unit, ESI Hospital Campus Agra",9837310806,-,-
21,Uttar Pradesh,2,6,"ESI Dispensary, RNM Hospital Campus Station Road, Shikohabad",7017784411,-,-
21,Uttar Pradesh,2,7,"ESI Dispensary, Chhipitola Fathehabad Road near mugal sereton Agra",9259222255,60562002,-
21,Uttar Pradesh,2,8,"ESI Dispensary, Nanuai, State Nunhai, Near Saiad trans Yamuna, Agra",-,-,-
21,Uttar Pradesh,2,9,"ESI Dispensary, Geoge Towan Amarnath jha Marg Civil Lines Allahabad",9415216785,-,-
21,Uttar Pradesh,2,10,"ESI Dispensary, Nani -I Near Swadeshi Cootton Mill naini Allahabad",8318498219,60532008,-
21,Uttar Pradesh,3,Uttar Pradesh
21,Uttar Pradesh,3,1,"Ravindrapuri Colony, Lane No.-10, Bhelupur, Varanasi-221005",9889493929,60542001 60542002 60542003,-
21,Uttar Pradesh,3,2,"Vindhyavasini Nagar Colony, Orderly Bazar, Varanasi-221002",-,-,-
21,Uttar Pradesh,3,3,"ESI Dispensary, Jivini Mandi, takiya lal masjid  Agra Presently situated in ESI Hospital Agra",9358141447,-,-
21,Uttar Pradesh,3,4,"ESI Dispensary, Mobile-A, under ESI hospital Agra, Site-c Sikandra Agra",7042808182,-,-
21,Uttar Pradesh,3,5,"ESI Dispensary, new Mobile Unit, ESI Hospital Campus Agra",9837310806,-,-
21,Uttar Pradesh,3,6,"ESI Dispensary, RNM Hospital Campus Station Road, Shikohabad",7017784411,-,-
21,Uttar Pradesh,3,7,"ESI Dispensary, Chhipitola Fathehabad Road near mugal sereton Agra",9259222255,60562002,-
21,Uttar Pradesh,3,8,"ESI Dispensary, Nanuai, State Nunhai, Near Saiad trans Yamuna, Agra",-,-,-
21,Uttar Pradesh,3,9,"ESI Dispensary, Geoge Towan Amarnath jha Marg Civil Lines Allahabad",9415216785,-,-
21,Uttar Pradesh,3,10,"ESI Dispensary, Nani -I Near Swadeshi Cootton Mill naini Allahabad",8318498219,60532008,-
21,Uttar Pradesh,4,Uttar Pradesh
21,Uttar Pradesh,4,1,"Ravindrapuri Colony, Lane No.-10, Bhelupur, Varanasi-221005",9889493929,60542001 60542002 60542003,-
21,Uttar Pradesh,4,2,"Vindhyavasini Nagar Colony, Orderly Bazar, Varanasi-221002",-,-,-
21,Uttar Pradesh,4,3,"ESI Dispensary, Jivini Mandi, takiya lal masjid  Agra Presently situated in ESI Hospital Agra",9358141447,-,-
21,Uttar Pradesh,4,4,"ESI Dispensary, Mobile-A, under ESI hospital Agra, Site-c Sikandra Agra",7042808182,-,-
21,Uttar Pradesh,4,5,"ESI Dispensary, new Mobile Unit, ESI Hospital Campus Agra",9837310806,-,-
21,Uttar Pradesh,4,6,"ESI Dispensary, RNM Hospital Campus Station Road, Shikohabad",7017784411,-,-
21,Uttar Pradesh,4,7,"ESI Dispensary, Chhipitola Fathehabad Road near mugal sereton Agra",9259222255,60562002,-
21,Uttar Pradesh,4,8,"ESI Dispensary, Nanuai, State Nunhai, Near Saiad trans Yamuna, Agra",-,-,-
21,Uttar Pradesh,4,9,"ESI Dispensary, Geoge Towan Amarnath jha Marg Civil Lines Allahabad",9415216785,-,-
21,Uttar Pradesh,4,10,"ESI Dispensary, Nani -I Near Swadeshi Cootton Mill naini Allahabad",8318498219,60532008,-
21,Uttar Pradesh,5,Uttar Pradesh
21,Uttar Pradesh,5,1,"Ravindrapuri Colony, Lane No.-10, Bhelupur, Varanasi-221005",9889493929,60542001 60542002 60542003,-
21,Uttar Pradesh,5,2,"Vindhyavasini Nagar Colony, Orderly Bazar, Varanasi-221002",-,-,-
21,Uttar Pradesh,5,3,"ESI Dispensary, Jivini Mandi, takiya lal masjid  Agra Presently situated in ESI Hospital Agra",9358141447,-,-
21,Uttar Pradesh,5,4,"ESI Dispensary, Mobile-A, under ESI hospital Agra, Site-c Sikandra Agra",7042808182,-,-
21,Uttar Pradesh,5,5,"ESI Dispensary, new Mobile Unit, ESI Hospital Campus Agra",9837310806,-,-
21,Uttar Pradesh,5,6,"ESI Dispensary, RNM Hospital Campus Station Road, Shikohabad",7017784411,-,-
21,Uttar Pradesh,5,7,"ESI Dispensary, Chhipitola Fathehabad Road near mugal sereton Agra",9259222255,60562002,-
21,Uttar Pradesh,5,8,"ESI Dispensary, Nanuai, State Nunhai, Near Saiad trans Yamuna, Agra",-,-,-
21,Uttar Pradesh,5,9,"ESI Dispensary, Geoge Towan Amarnath jha Marg Civil Lines Allahabad",9415216785,-,-
21,Uttar Pradesh,5,10,"ESI Dispensary, Nani -I Near Swadeshi Cootton Mill naini Allahabad",8318498219,60532008,-
21,Uttar Pradesh,6,Uttar Pradesh
21,Uttar Pradesh,6,1,"Ravindrapuri Colony, Lane No.-10, Bhelupur, Varanasi-221005",9889493929,60542001 60542002 60542003,-
21,Uttar Pradesh,6,2,"Vindhyavasini Nagar Colony, Orderly Bazar, Varanasi-221002",-,-,-
21,Uttar Pradesh,6,3,"ESI Dispensary, Jivini Mandi, takiya lal masjid  Agra Presently situated in ESI Hospital Agra",9358141447,-,-
21,Uttar Pradesh,6,4,"ESI Dispensary, Mobile-A, under ESI hospital Agra, Site-c Sikandra Agra",7042808182,-,-
21,Uttar Pradesh,6,5,"ESI Dispensary, new Mobile Unit, ESI Hospital Campus Agra",9837310806,-,-
21,Uttar Pradesh,6,6,"ESI Dispensary, RNM Hospital Campus Station Road, Shikohabad",7017784411,-,-
21,Uttar Pradesh,6,7,"ESI Dispensary, Chhipitola Fathehabad Road near mugal sereton Agra",9259222255,60562002,-
21,Uttar Pradesh,6,8,"ESI Dispensary, Nanuai, State Nunhai, Near Saiad trans Yamuna, Agra",-,-,-
21,Uttar Pradesh,6,9,"ESI Dispensary, Geoge Towan Amarnath jha Marg Civil Lines Allahabad",9415216785,-,-
21,Uttar Pradesh,6,10,"ESI Dispensary, Nani -I Near Swadeshi Cootton Mill naini Allahabad",8318498219,60532008,-
21,Uttar Pradesh,7,Uttar Pradesh
21,Uttar Pradesh,7,1,"Ravindrapuri Colony, Lane No.-10, Bhelupur, Varanasi-221005",9889493929,60542001 60542002 60542003,-
21,Uttar Pradesh,7,2,"Vindhyavasini Nagar Colony, Orderly Bazar, Varanasi-221002",-,-,-
21,Uttar Pradesh,7,3,"ESI Dispensary, Jivini Mandi, takiya lal masjid  Agra Presently situated in ESI Hospital Agra",9358141447,-,-
21,Uttar Pradesh,7,4,"ESI Dispensary, Mobile-A, under ESI hospital Agra, Site-c Sikandra Agra",7042808182,-,-
21,Uttar Pradesh,7,5,"ESI Dispensary, new Mobile Unit, ESI Hospital Campus Agra",9837310806,-,-
21,Uttar Pradesh,7,6,"ESI Dispensary, RNM Hospital Campus Station Road, Shikohabad",7017784411,-,-
21,Uttar Pradesh,7,7,"ESI Dispensary, Chhipitola Fathehabad Road near mugal sereton Agra",9259222255,60562002,-
21,Uttar Pradesh,7,8,"ESI Dispensary, Nanuai, State Nunhai, Near Saiad trans Yamuna, Agra",-,-,-
21,Uttar Pradesh,7,9,"ESI Dispensary, Geoge Towan Amarnath jha Marg Civil Lines Allahabad",9415216785,-,-
21,Uttar Pradesh,7,10,"ESI Dispensary, Nani -I Near Swadeshi Cootton Mill naini Allahabad",8318498219,60532008,-
21,Uttar Pradesh,8,Uttar Pradesh
21,Uttar Pradesh,8,1,"Ravindrapuri Colony, Lane No.-10, Bhelupur, Varanasi-221005",9889493929,60542001 60542002 60542003,-
21,Uttar Pradesh,8,2,"Vindhyavasini Nagar Colony, Orderly Bazar, Varanasi-221002",-,-,-
21,Uttar Pradesh,8,3,"ESI Dispensary, Jivini Mandi, takiya lal masjid  Agra Presently situated in ESI Hospital Agra",9358141447,-,-
21,Uttar Pradesh,8,4,"ESI Dispensary, Mobile-A, under ESI hospital Agra, Site-c Sikandra Agra",7042808182,-,-
21,Uttar Pradesh,8,5,"ESI Dispensary, new Mobile Unit, ESI Hospital Campus Agra",9837310806,-,-
21,Uttar Pradesh,8,6,"ESI Dispensary, RNM Hospital Campus Station Road, Shikohabad",7017784411,-,-
21,Uttar Pradesh,8,7,"ESI Dispensary, Chhipitola Fathehabad Road near mugal sereton Agra",9259222255,60562002,-
21,Uttar Pradesh,8,8,"ESI Dispensary, Nanuai, State Nunhai, Near Saiad trans Yamuna, Agra",-,-,-
21,Uttar Pradesh,8,9,"ESI Dispensary, Geoge Towan Amarnath jha Marg Civil Lines Allahabad",9415216785,-,-
21,Uttar Pradesh,8,10,"ESI Dispensary, Nani -I Near Swadeshi Cootton Mill naini Allahabad",8318498219,60532008,-
21,Uttar Pradesh,9,Uttar Pradesh
21,Uttar Pradesh,9,1,"Ravindrapuri Colony, Lane No.-10, Bhelupur, Varanasi-221005",9889493929,60542001 60542002 60542003,-
21,Uttar Pradesh,9,2,"Vindhyavasini Nagar Colony, Orderly Bazar, Varanasi-221002",-,-,-
21,Uttar Pradesh,9,3,"ESI Dispensary, Jivini Mandi, takiya lal masjid  Agra Presently situated in ESI Hospital Agra",9358141447,-,-
21,Uttar Pradesh,9,4,"ESI Dispensary, Mobile-A, under ESI hospital Agra, Site-c Sikandra Agra",7042808182,-,-
21,Uttar Pradesh,9,5,"ESI Dispensary, new Mobile Unit, ESI Hospital Campus Agra",9837310806,-,-
21,Uttar Pradesh,9,6,"ESI Dispensary, RNM Hospital Campus Station Road, Shikohabad",7017784411,-,-
21,Uttar Pradesh,9,7,"ESI Dispensary, Chhipitola Fathehabad Road near mugal sereton Agra",9259222255,60562002,-
21,Uttar Pradesh,9,8,"ESI Dispensary, Nanuai, State Nunhai, Near Saiad trans Yamuna, Agra",-,-,-
21,Uttar Pradesh,9,9,"ESI Dispensary, Geoge Towan Amarnath jha Marg Civil Lines Allahabad",9415216785,-,-
21,Uttar Pradesh,9,10,"ESI Dispensary, Nani -I Near Swadeshi Cootton Mill naini Allahabad",8318498219,60532008,-
22,Uttarakhand,1,Uttarakhand
22,Uttarakhand,1,1,"ESIS Dispensary,opp. aradhya jeweler, Durga mandir road, Banjarawala ,Dehradun",8126758899,8126758899,dr.poonam82@rediffmail.com
22,Uttarakhand,1,2,"ESIS Dispensary, Near Branch Office,Chakrata Road,Village-Haripur,Selaqui",9557940450,9557940450,dranuaga@gmail.com
22,Uttarakhand,1,3,"ESIS Dispensary, Gandhi Eye Hospital, Hill Mount Kamal Back Road,MASOORI.,Pin-248179",9557854878,9557854878,moicmussoorie@gmail.com
22,Uttarakhand,1,4,"ESIS Dispensary, H.No. 188A,Upper  Ganga Nagar,  Rishikesh",9456395109,9456395109,esidispensaryrishikesh@gmail.com
22,Uttarakhand,1,5,"ESIS Dispensary.BSM Tiraha National Highway House No.73 Rookee Nehru Nagar, Rookee",9410705116,9410705116,Devchauhan1986@gmail.com
22,Uttarakhand,1,6,"ESIS Dispensary Bhagwanpur, near sapna dhaba, Roorkee road,",7088521266,7088521266,alibbb786@gmail.com
22,Uttarakhand,1,7,"ESIS Dispensary, Near S.M.J.M Degree College, ESI Dispensary,Ranipur Maud,Govindpur, Haridwar",9997241514,9997241514,ddoesisharidwar@gmail.com
22,Uttarakhand,1,8,"ESIS Dispensary, Roshanabad, Sec-5/B, Opp- Deep Ganga Appartment, Sidcul, Haridwar",9997241514,9997241514,ddoesisharidwar@gmail.com
22,Uttarakhand,1,9,"ESIS Dispensary, 306-Awas Vikas Coloney, Rudrapur,U.S Nagar",9411177111,9411177111,morudrapur@gmail.com
22,Uttarakhand,1,10,"ESIS Dispensary, Near Fire Station, Bazpur Road, Kashipur, Udhamsingh Nagar",Dr Darvesh kalyan - 09639964641,09639964641,NA
22,Uttarakhand,2,Uttarakhand
22,Uttarakhand,2,1,"ESIS Dispensary,opp. aradhya jeweler, Durga mandir road, Banjarawala ,Dehradun",8126758899,8126758899,dr.poonam82@rediffmail.com
22,Uttarakhand,2,2,"ESIS Dispensary, Near Branch Office,Chakrata Road,Village-Haripur,Selaqui",9557940450,9557940450,dranuaga@gmail.com
22,Uttarakhand,2,3,"ESIS Dispensary, Gandhi Eye Hospital, Hill Mount Kamal Back Road,MASOORI.,Pin-248179",9557854878,9557854878,moicmussoorie@gmail.com
22,Uttarakhand,2,4,"ESIS Dispensary, H.No. 188A,Upper  Ganga Nagar,  Rishikesh",9456395109,9456395109,esidispensaryrishikesh@gmail.com
22,Uttarakhand,2,5,"ESIS Dispensary.BSM Tiraha National Highway House No.73 Rookee Nehru Nagar, Rookee",9410705116,9410705116,Devchauhan1986@gmail.com
22,Uttarakhand,2,6,"ESIS Dispensary Bhagwanpur, near sapna dhaba, Roorkee road,",7088521266,7088521266,alibbb786@gmail.com
22,Uttarakhand,2,7,"ESIS Dispensary, Near S.M.J.M Degree College, ESI Dispensary,Ranipur Maud,Govindpur, Haridwar",9997241514,9997241514,ddoesisharidwar@gmail.com
22,Uttarakhand,2,8,"ESIS Dispensary, Roshanabad, Sec-5/B, Opp- Deep Ganga Appartment, Sidcul, Haridwar",9997241514,9997241514,ddoesisharidwar@gmail.com
22,Uttarakhand,2,9,"ESIS Dispensary, 306-Awas Vikas Coloney, Rudrapur,U.S Nagar",9411177111,9411177111,morudrapur@gmail.com
22,Uttarakhand,2,10,"ESIS Dispensary, Near Fire Station, Bazpur Road, Kashipur, Udhamsingh Nagar",Dr Darvesh kalyan - 09639964641,09639964641,NA
22,Uttarakhand,3,Uttarakhand
22,Uttarakhand,3,1,"ESIS Dispensary,opp. aradhya jeweler, Durga mandir road, Banjarawala ,Dehradun",8126758899,8126758899,dr.poonam82@rediffmail.com
22,Uttarakhand,3,2,"ESIS Dispensary, Near Branch Office,Chakrata Road,Village-Haripur,Selaqui",9557940450,9557940450,dranuaga@gmail.com
22,Uttarakhand,3,3,"ESIS Dispensary, Gandhi Eye Hospital, Hill Mount Kamal Back Road,MASOORI.,Pin-248179",9557854878,9557854878,moicmussoorie@gmail.com
22,Uttarakhand,3,4,"ESIS Dispensary, H.No. 188A,Upper  Ganga Nagar,  Rishikesh",9456395109,9456395109,esidispensaryrishikesh@gmail.com
22,Uttarakhand,3,5,"ESIS Dispensary.BSM Tiraha National Highway House No.73 Rookee Nehru Nagar, Rookee",9410705116,9410705116,Devchauhan1986@gmail.com
22,Uttarakhand,3,6,"ESIS Dispensary Bhagwanpur, near sapna dhaba, Roorkee road,",7088521266,7088521266,alibbb786@gmail.com
22,Uttarakhand,3,7,"ESIS Dispensary, Near S.M.J.M Degree College, ESI Dispensary,Ranipur Maud,Govindpur, Haridwar",9997241514,9997241514,ddoesisharidwar@gmail.com
22,Uttarakhand,3,8,"ESIS Dispensary, Roshanabad, Sec-5/B, Opp- Deep Ganga Appartment, Sidcul, Haridwar",9997241514,9997241514,ddoesisharidwar@gmail.com
22,Uttarakhand,3,9,"ESIS Dispensary, 306-Awas Vikas Coloney, Rudrapur,U.S Nagar",9411177111,9411177111,morudrapur@gmail.com
22,Uttarakhand,3,10,"ESIS Dispensary, Near Fire Station, Bazpur Road, Kashipur, Udhamsingh Nagar",Dr Darvesh kalyan - 09639964641,09639964641,NA
22,Uttarakhand,4,Uttarakhand
22,Uttarakhand,4,1,"ESIS Dispensary,opp. aradhya jeweler, Durga mandir road, Banjarawala ,Dehradun",8126758899,8126758899,dr.poonam82@rediffmail.com
22,Uttarakhand,4,2,"ESIS Dispensary, Near Branch Office,Chakrata Road,Village-Haripur,Selaqui",9557940450,9557940450,dranuaga@gmail.com
22,Uttarakhand,4,3,"ESIS Dispensary, Gandhi Eye Hospital, Hill Mount Kamal Back Road,MASOORI.,Pin-248179",9557854878,9557854878,moicmussoorie@gmail.com
22,Uttarakhand,4,4,"ESIS Dispensary, H.No. 188A,Upper  Ganga Nagar,  Rishikesh",9456395109,9456395109,esidispensaryrishikesh@gmail.com
22,Uttarakhand,4,5,"ESIS Dispensary.BSM Tiraha National Highway House No.73 Rookee Nehru Nagar, Rookee",9410705116,9410705116,Devchauhan1986@gmail.com
22,Uttarakhand,4,6,"ESIS Dispensary Bhagwanpur, near sapna dhaba, Roorkee road,",7088521266,7088521266,alibbb786@gmail.com
22,Uttarakhand,4,7,"ESIS Dispensary, Near S.M.J.M Degree College, ESI Dispensary,Ranipur Maud,Govindpur, Haridwar",9997241514,9997241514,ddoesisharidwar@gmail.com
22,Uttarakhand,4,8,"ESIS Dispensary, Roshanabad, Sec-5/B, Opp- Deep Ganga Appartment, Sidcul, Haridwar",9997241514,9997241514,ddoesisharidwar@gmail.com
22,Uttarakhand,4,9,"ESIS Dispensary, 306-Awas Vikas Coloney, Rudrapur,U.S Nagar",9411177111,9411177111,morudrapur@gmail.com
22,Uttarakhand,4,10,"ESIS Dispensary, Near Fire Station, Bazpur Road, Kashipur, Udhamsingh Nagar",Dr Darvesh kalyan - 09639964641,09639964641,NA
22,Uttarakhand,5,Uttarakhand
22,Uttarakhand,5,1,"ESIS Dispensary,opp. aradhya jeweler, Durga mandir road, Banjarawala ,Dehradun",8126758899,8126758899,dr.poonam82@rediffmail.com
22,Uttarakhand,5,2,"ESIS Dispensary, Near Branch Office,Chakrata Road,Village-Haripur,Selaqui",9557940450,9557940450,dranuaga@gmail.com
22,Uttarakhand,5,3,"ESIS Dispensary, Gandhi Eye Hospital, Hill Mount Kamal Back Road,MASOORI.,Pin-248179",9557854878,9557854878,moicmussoorie@gmail.com
22,Uttarakhand,5,4,"ESIS Dispensary, H.No. 188A,Upper  Ganga Nagar,  Rishikesh",9456395109,9456395109,esidispensaryrishikesh@gmail.com
22,Uttarakhand,5,5,"ESIS Dispensary.BSM Tiraha National Highway House No.73 Rookee Nehru Nagar, Rookee",9410705116,9410705116,Devchauhan1986@gmail.com
22,Uttarakhand,5,6,"ESIS Dispensary Bhagwanpur, near sapna dhaba, Roorkee road,",7088521266,7088521266,alibbb786@gmail.com
22,Uttarakhand,5,7,"ESIS Dispensary, Near S.M.J.M Degree College, ESI Dispensary,Ranipur Maud,Govindpur, Haridwar",9997241514,9997241514,ddoesisharidwar@gmail.com
22,Uttarakhand,5,8,"ESIS Dispensary, Roshanabad, Sec-5/B, Opp- Deep Ganga Appartment, Sidcul, Haridwar",9997241514,9997241514,ddoesisharidwar@gmail.com
22,Uttarakhand,5,9,"ESIS Dispensary, 306-Awas Vikas Coloney, Rudrapur,U.S Nagar",9411177111,9411177111,morudrapur@gmail.com
22,Uttarakhand,5,10,"ESIS Dispensary, Near Fire Station, Bazpur Road, Kashipur, Udhamsingh Nagar",Dr Darvesh kalyan - 09639964641,09639964641,NA
22,Uttarakhand,6,Uttarakhand
22,Uttarakhand,6,1,"ESIS Dispensary,opp. aradhya jeweler, Durga mandir road, Banjarawala ,Dehradun",8126758899,8126758899,dr.poonam82@rediffmail.com
22,Uttarakhand,6,2,"ESIS Dispensary, Near Branch Office,Chakrata Road,Village-Haripur,Selaqui",9557940450,9557940450,dranuaga@gmail.com
22,Uttarakhand,6,3,"ESIS Dispensary, Gandhi Eye Hospital, Hill Mount Kamal Back Road,MASOORI.,Pin-248179",9557854878,9557854878,moicmussoorie@gmail.com
22,Uttarakhand,6,4,"ESIS Dispensary, H.No. 188A,Upper  Ganga Nagar,  Rishikesh",9456395109,9456395109,esidispensaryrishikesh@gmail.com
22,Uttarakhand,6,5,"ESIS Dispensary.BSM Tiraha National Highway House No.73 Rookee Nehru Nagar, Rookee",9410705116,9410705116,Devchauhan1986@gmail.com
22,Uttarakhand,6,6,"ESIS Dispensary Bhagwanpur, near sapna dhaba, Roorkee road,",7088521266,7088521266,alibbb786@gmail.com
22,Uttarakhand,6,7,"ESIS Dispensary, Near S.M.J.M Degree College, ESI Dispensary,Ranipur Maud,Govindpur, Haridwar",9997241514,9997241514,ddoesisharidwar@gmail.com
22,Uttarakhand,6,8,"ESIS Dispensary, Roshanabad, Sec-5/B, Opp- Deep Ganga Appartment, Sidcul, Haridwar",9997241514,9997241514,ddoesisharidwar@gmail.com
22,Uttarakhand,6,9,"ESIS Dispensary, 306-Awas Vikas Coloney, Rudrapur,U.S Nagar",9411177111,9411177111,morudrapur@gmail.com
22,Uttarakhand,6,10,"ESIS Dispensary, Near Fire Station, Bazpur Road, Kashipur, Udhamsingh Nagar",Dr Darvesh kalyan - 09639964641,09639964641,NA
22,Uttarakhand,7,Uttarakhand
22,Uttarakhand,7,1,"ESIS Dispensary,opp. aradhya jeweler, Durga mandir road, Banjarawala ,Dehradun",8126758899,8126758899,dr.poonam82@rediffmail.com
22,Uttarakhand,7,2,"ESIS Dispensary, Near Branch Office,Chakrata Road,Village-Haripur,Selaqui",9557940450,9557940450,dranuaga@gmail.com
22,Uttarakhand,7,3,"ESIS Dispensary, Gandhi Eye Hospital, Hill Mount Kamal Back Road,MASOORI.,Pin-248179",9557854878,9557854878,moicmussoorie@gmail.com
22,Uttarakhand,7,4,"ESIS Dispensary, H.No. 188A,Upper  Ganga Nagar,  Rishikesh",9456395109,9456395109,esidispensaryrishikesh@gmail.com
22,Uttarakhand,7,5,"ESIS Dispensary.BSM Tiraha National Highway House No.73 Rookee Nehru Nagar, Rookee",9410705116,9410705116,Devchauhan1986@gmail.com
22,Uttarakhand,7,6,"ESIS Dispensary Bhagwanpur, near sapna dhaba, Roorkee road,",7088521266,7088521266,alibbb786@gmail.com
22,Uttarakhand,7,7,"ESIS Dispensary, Near S.M.J.M Degree College, ESI Dispensary,Ranipur Maud,Govindpur, Haridwar",9997241514,9997241514,ddoesisharidwar@gmail.com
22,Uttarakhand,7,8,"ESIS Dispensary, Roshanabad, Sec-5/B, Opp- Deep Ganga Appartment, Sidcul, Haridwar",9997241514,9997241514,ddoesisharidwar@gmail.com
22,Uttarakhand,7,9,"ESIS Dispensary, 306-Awas Vikas Coloney, Rudrapur,U.S Nagar",9411177111,9411177111,morudrapur@gmail.com
22,Uttarakhand,7,10,"ESIS Dispensary, Near Fire Station, Bazpur Road, Kashipur, Udhamsingh Nagar",Dr Darvesh kalyan - 09639964641,09639964641,NA
23,West Bengal,1,West Bengal
23,West Bengal,1,1,"DURGAPUR, Unit-1, ESI Dispensary,
Durgapur ESIC Hospital Campus Dist-Burdwan",-,60342006,-
23,West Bengal,1,2,"ESI SD Binnaguri, House of Arun Datta, Fulbarihat, Fulbari, Binnaguri, Jalpaiguri. Pin 734015",-,-,-
23,West Bengal,1,3,"ESI SD Tiljala, 196 E-1, PICNIC GARDEN ROAD, KOLKATA 700039",-,-,disp[hyphen]tiljala[dot]wb[at]esic[dot]nic[dot]in
23,West Bengal,1,4,"ESI SD Siliguri, ESIC Building,Paribahan Nagar,Matigara,Darjeeling-734010",-,60353003,disp[hyphen]siliguri[dot]wb[at]esic[dot]nic[dot]in
23,West Bengal,1,5,"ESI SD Kuntighat, Near Kesoram Rayon Gate PO-Nayasarai,Kuntighat,Pin-712513",-,60033071,disp[hyphen]kuntighat[dot]wb[at]esic[dot]nic[dot]in
23,West Bengal,1,6,"ESI SD sankrail, Andul Mouri Bazar, Sankrail Subhas Pally, PO-Unsani, Howrah-711302",-,-,disp[hyphen]sankrailhsdvi1[dot]wb[at]esic[dot]nic[dot]in
23,West Bengal,1,7,"ESI SD Raniganj, 106, Madhu Sarani, P.O- Searsole, Ranigunj Dist- Burdwan, Pin no-713358",-,60342010,disp[hyphen]ranigunj[dot]wb[at]esic[dot]nic[dot]in
23,West Bengal,1,8,"ESI SD Asansol -II, Super Bazar Complex, Near-Burnpur Railway Stn., Burdwan",-,60342009,-
23,West Bengal,1,9,"ESI SD Asansol -I, Asansol ESI Hospital Campus, Burdwan",-,60342001,-
23,West Bengal,1,10,"ESI SD Kakinara, 1st Floor,161, Block no 14, Aryasamaj road, Kankinara, Dist-24-Pgs N, Pin-743126",-,60033042,-
23,West Bengal,2,West Bengal
23,West Bengal,2,1,"DURGAPUR, Unit-1, ESI Dispensary,
Durgapur ESIC Hospital Campus Dist-Burdwan",-,60342006,-
23,West Bengal,2,2,"ESI SD Binnaguri, House of Arun Datta, Fulbarihat, Fulbari, Binnaguri, Jalpaiguri. Pin 734015",-,-,-
23,West Bengal,2,3,"ESI SD Tiljala, 196 E-1, PICNIC GARDEN ROAD, KOLKATA 700039",-,-,disp[hyphen]tiljala[dot]wb[at]esic[dot]nic[dot]in
23,West Bengal,2,4,"ESI SD Siliguri, ESIC Building,Paribahan Nagar,Matigara,Darjeeling-734010",-,60353003,disp[hyphen]siliguri[dot]wb[at]esic[dot]nic[dot]in
23,West Bengal,2,5,"ESI SD Kuntighat, Near Kesoram Rayon Gate PO-Nayasarai,Kuntighat,Pin-712513",-,60033071,disp[hyphen]kuntighat[dot]wb[at]esic[dot]nic[dot]in
23,West Bengal,2,6,"ESI SD sankrail, Andul Mouri Bazar, Sankrail Subhas Pally, PO-Unsani, Howrah-711302",-,-,disp[hyphen]sankrailhsdvi1[dot]wb[at]esic[dot]nic[dot]in
23,West Bengal,2,7,"ESI SD Raniganj, 106, Madhu Sarani, P.O- Searsole, Ranigunj Dist- Burdwan, Pin no-713358",-,60342010,disp[hyphen]ranigunj[dot]wb[at]esic[dot]nic[dot]in
23,West Bengal,2,8,"ESI SD Asansol -II, Super Bazar Complex, Near-Burnpur Railway Stn., Burdwan",-,60342009,-
23,West Bengal,2,9,"ESI SD Asansol -I, Asansol ESI Hospital Campus, Burdwan",-,60342001,-
23,West Bengal,2,10,"ESI SD Kakinara, 1st Floor,161, Block no 14, Aryasamaj road, Kankinara, Dist-24-Pgs N, Pin-743126",-,60033042,-
23,West Bengal,3,West Bengal
23,West Bengal,3,1,"DURGAPUR, Unit-1, ESI Dispensary,
Durgapur ESIC Hospital Campus Dist-Burdwan",-,60342006,-
23,West Bengal,3,2,"ESI SD Binnaguri, House of Arun Datta, Fulbarihat, Fulbari, Binnaguri, Jalpaiguri. Pin 734015",-,-,-
23,West Bengal,3,3,"ESI SD Tiljala, 196 E-1, PICNIC GARDEN ROAD, KOLKATA 700039",-,-,disp[hyphen]tiljala[dot]wb[at]esic[dot]nic[dot]in
23,West Bengal,3,4,"ESI SD Siliguri, ESIC Building,Paribahan Nagar,Matigara,Darjeeling-734010",-,60353003,disp[hyphen]siliguri[dot]wb[at]esic[dot]nic[dot]in
23,West Bengal,3,5,"ESI SD Kuntighat, Near Kesoram Rayon Gate PO-Nayasarai,Kuntighat,Pin-712513",-,60033071,disp[hyphen]kuntighat[dot]wb[at]esic[dot]nic[dot]in
23,West Bengal,3,6,"ESI SD sankrail, Andul Mouri Bazar, Sankrail Subhas Pally, PO-Unsani, Howrah-711302",-,-,disp[hyphen]sankrailhsdvi1[dot]wb[at]esic[dot]nic[dot]in
23,West Bengal,3,7,"ESI SD Raniganj, 106, Madhu Sarani, P.O- Searsole, Ranigunj Dist- Burdwan, Pin no-713358",-,60342010,disp[hyphen]ranigunj[dot]wb[at]esic[dot]nic[dot]in
23,West Bengal,3,8,"ESI SD Asansol -II, Super Bazar Complex, Near-Burnpur Railway Stn., Burdwan",-,60342009,-
23,West Bengal,3,9,"ESI SD Asansol -I, Asansol ESI Hospital Campus, Burdwan",-,60342001,-
23,West Bengal,3,10,"ESI SD Kakinara, 1st Floor,161, Block no 14, Aryasamaj road, Kankinara, Dist-24-Pgs N, Pin-743126",-,60033042,-
23,West Bengal,4,West Bengal
23,West Bengal,4,1,"DURGAPUR, Unit-1, ESI Dispensary,
Durgapur ESIC Hospital Campus Dist-Burdwan",-,60342006,-
23,West Bengal,4,2,"ESI SD Binnaguri, House of Arun Datta, Fulbarihat, Fulbari, Binnaguri, Jalpaiguri. Pin 734015",-,-,-
23,West Bengal,4,3,"ESI SD Tiljala, 196 E-1, PICNIC GARDEN ROAD, KOLKATA 700039",-,-,disp[hyphen]tiljala[dot]wb[at]esic[dot]nic[dot]in
23,West Bengal,4,4,"ESI SD Siliguri, ESIC Building,Paribahan Nagar,Matigara,Darjeeling-734010",-,60353003,disp[hyphen]siliguri[dot]wb[at]esic[dot]nic[dot]in
23,West Bengal,4,5,"ESI SD Kuntighat, Near Kesoram Rayon Gate PO-Nayasarai,Kuntighat,Pin-712513",-,60033071,disp[hyphen]kuntighat[dot]wb[at]esic[dot]nic[dot]in
23,West Bengal,4,6,"ESI SD sankrail, Andul Mouri Bazar, Sankrail Subhas Pally, PO-Unsani, Howrah-711302",-,-,disp[hyphen]sankrailhsdvi1[dot]wb[at]esic[dot]nic[dot]in
23,West Bengal,4,7,"ESI SD Raniganj, 106, Madhu Sarani, P.O- Searsole, Ranigunj Dist- Burdwan, Pin no-713358",-,60342010,disp[hyphen]ranigunj[dot]wb[at]esic[dot]nic[dot]in
23,West Bengal,4,8,"ESI SD Asansol -II, Super Bazar Complex, Near-Burnpur Railway Stn., Burdwan",-,60342009,-
23,West Bengal,4,9,"ESI SD Asansol -I, Asansol ESI Hospital Campus, Burdwan",-,60342001,-
23,West Bengal,4,10,"ESI SD Kakinara, 1st Floor,161, Block no 14, Aryasamaj road, Kankinara, Dist-24-Pgs N, Pin-743126",-,60033042,-
23,West Bengal,5,West Bengal
23,West Bengal,5,1,"DURGAPUR, Unit-1, ESI Dispensary,
Durgapur ESIC Hospital Campus Dist-Burdwan",-,60342006,-
23,West Bengal,5,2,"ESI SD Binnaguri, House of Arun Datta, Fulbarihat, Fulbari, Binnaguri, Jalpaiguri. Pin 734015",-,-,-
23,West Bengal,5,3,"ESI SD Tiljala, 196 E-1, PICNIC GARDEN ROAD, KOLKATA 700039",-,-,disp[hyphen]tiljala[dot]wb[at]esic[dot]nic[dot]in
23,West Bengal,5,4,"ESI SD Siliguri, ESIC Building,Paribahan Nagar,Matigara,Darjeeling-734010",-,60353003,disp[hyphen]siliguri[dot]wb[at]esic[dot]nic[dot]in
23,West Bengal,5,5,"ESI SD Kuntighat, Near Kesoram Rayon Gate PO-Nayasarai,Kuntighat,Pin-712513",-,60033071,disp[hyphen]kuntighat[dot]wb[at]esic[dot]nic[dot]in
23,West Bengal,5,6,"ESI SD sankrail, Andul Mouri Bazar, Sankrail Subhas Pally, PO-Unsani, Howrah-711302",-,-,disp[hyphen]sankrailhsdvi1[dot]wb[at]esic[dot]nic[dot]in
23,West Bengal,5,7,"ESI SD Raniganj, 106, Madhu Sarani, P.O- Searsole, Ranigunj Dist- Burdwan, Pin no-713358",-,60342010,disp[hyphen]ranigunj[dot]wb[at]esic[dot]nic[dot]in
23,West Bengal,5,8,"ESI SD Asansol -II, Super Bazar Complex, Near-Burnpur Railway Stn., Burdwan",-,60342009,-
23,West Bengal,5,9,"ESI SD Asansol -I, Asansol ESI Hospital Campus, Burdwan",-,60342001,-
23,West Bengal,5,10,"ESI SD Kakinara, 1st Floor,161, Block no 14, Aryasamaj road, Kankinara, Dist-24-Pgs N, Pin-743126",-,60033042,-
23,West Bengal,6,West Bengal
23,West Bengal,6,1,"DURGAPUR, Unit-1, ESI Dispensary,
Durgapur ESIC Hospital Campus Dist-Burdwan",-,60342006,-
23,West Bengal,6,2,"ESI SD Binnaguri, House of Arun Datta, Fulbarihat, Fulbari, Binnaguri, Jalpaiguri. Pin 734015",-,-,-
23,West Bengal,6,3,"ESI SD Tiljala, 196 E-1, PICNIC GARDEN ROAD, KOLKATA 700039",-,-,disp[hyphen]tiljala[dot]wb[at]esic[dot]nic[dot]in
23,West Bengal,6,4,"ESI SD Siliguri, ESIC Building,Paribahan Nagar,Matigara,Darjeeling-734010",-,60353003,disp[hyphen]siliguri[dot]wb[at]esic[dot]nic[dot]in
23,West Bengal,6,5,"ESI SD Kuntighat, Near Kesoram Rayon Gate PO-Nayasarai,Kuntighat,Pin-712513",-,60033071,disp[hyphen]kuntighat[dot]wb[at]esic[dot]nic[dot]in
23,West Bengal,6,6,"ESI SD sankrail, Andul Mouri Bazar, Sankrail Subhas Pally, PO-Unsani, Howrah-711302",-,-,disp[hyphen]sankrailhsdvi1[dot]wb[at]esic[dot]nic[dot]in
23,West Bengal,6,7,"ESI SD Raniganj, 106, Madhu Sarani, P.O- Searsole, Ranigunj Dist- Burdwan, Pin no-713358",-,60342010,disp[hyphen]ranigunj[dot]wb[at]esic[dot]nic[dot]in
23,West Bengal,6,8,"ESI SD Asansol -II, Super Bazar Complex, Near-Burnpur Railway Stn., Burdwan",-,60342009,-
23,West Bengal,6,9,"ESI SD Asansol -I, Asansol ESI Hospital Campus, Burdwan",-,60342001,-
23,West Bengal,6,10,"ESI SD Kakinara, 1st Floor,161, Block no 14, Aryasamaj road, Kankinara, Dist-24-Pgs N, Pin-743126",-,60033042,-
23,West Bengal,7,West Bengal
23,West Bengal,7,1,"DURGAPUR, Unit-1, ESI Dispensary,
Durgapur ESIC Hospital Campus Dist-Burdwan",-,60342006,-
23,West Bengal,7,2,"ESI SD Binnaguri, House of Arun Datta, Fulbarihat, Fulbari, Binnaguri, Jalpaiguri. Pin 734015",-,-,-
23,West Bengal,7,3,"ESI SD Tiljala, 196 E-1, PICNIC GARDEN ROAD, KOLKATA 700039",-,-,disp[hyphen]tiljala[dot]wb[at]esic[dot]nic[dot]in
23,West Bengal,7,4,"ESI SD Siliguri, ESIC Building,Paribahan Nagar,Matigara,Darjeeling-734010",-,60353003,disp[hyphen]siliguri[dot]wb[at]esic[dot]nic[dot]in
23,West Bengal,7,5,"ESI SD Kuntighat, Near Kesoram Rayon Gate PO-Nayasarai,Kuntighat,Pin-712513",-,60033071,disp[hyphen]kuntighat[dot]wb[at]esic[dot]nic[dot]in
23,West Bengal,7,6,"ESI SD sankrail, Andul Mouri Bazar, Sankrail Subhas Pally, PO-Unsani, Howrah-711302",-,-,disp[hyphen]sankrailhsdvi1[dot]wb[at]esic[dot]nic[dot]in
23,West Bengal,7,7,"ESI SD Raniganj, 106, Madhu Sarani, P.O- Searsole, Ranigunj Dist- Burdwan, Pin no-713358",-,60342010,disp[hyphen]ranigunj[dot]wb[at]esic[dot]nic[dot]in
23,West Bengal,7,8,"ESI SD Asansol -II, Super Bazar Complex, Near-Burnpur Railway Stn., Burdwan",-,60342009,-
23,West Bengal,7,9,"ESI SD Asansol -I, Asansol ESI Hospital Campus, Burdwan",-,60342001,-
23,West Bengal,7,10,"ESI SD Kakinara, 1st Floor,161, Block no 14, Aryasamaj road, Kankinara, Dist-24-Pgs N, Pin-743126",-,60033042,-
23,West Bengal,8,West Bengal
23,West Bengal,8,1,"DURGAPUR, Unit-1, ESI Dispensary,
Durgapur ESIC Hospital Campus Dist-Burdwan",-,60342006,-
23,West Bengal,8,2,"ESI SD Binnaguri, House of Arun Datta, Fulbarihat, Fulbari, Binnaguri, Jalpaiguri. Pin 734015",-,-,-
23,West Bengal,8,3,"ESI SD Tiljala, 196 E-1, PICNIC GARDEN ROAD, KOLKATA 700039",-,-,disp[hyphen]tiljala[dot]wb[at]esic[dot]nic[dot]in
23,West Bengal,8,4,"ESI SD Siliguri, ESIC Building,Paribahan Nagar,Matigara,Darjeeling-734010",-,60353003,disp[hyphen]siliguri[dot]wb[at]esic[dot]nic[dot]in
23,West Bengal,8,5,"ESI SD Kuntighat, Near Kesoram Rayon Gate PO-Nayasarai,Kuntighat,Pin-712513",-,60033071,disp[hyphen]kuntighat[dot]wb[at]esic[dot]nic[dot]in
23,West Bengal,8,6,"ESI SD sankrail, Andul Mouri Bazar, Sankrail Subhas Pally, PO-Unsani, Howrah-711302",-,-,disp[hyphen]sankrailhsdvi1[dot]wb[at]esic[dot]nic[dot]in
23,West Bengal,8,7,"ESI SD Raniganj, 106, Madhu Sarani, P.O- Searsole, Ranigunj Dist- Burdwan, Pin no-713358",-,60342010,disp[hyphen]ranigunj[dot]wb[at]esic[dot]nic[dot]in
23,West Bengal,8,8,"ESI SD Asansol -II, Super Bazar Complex, Near-Burnpur Railway Stn., Burdwan",-,60342009,-
23,West Bengal,8,9,"ESI SD Asansol -I, Asansol ESI Hospital Campus, Burdwan",-,60342001,-
23,West Bengal,8,10,"ESI SD Kakinara, 1st Floor,161, Block no 14, Aryasamaj road, Kankinara, Dist-24-Pgs N, Pin-743126",-,60033042,-
23,West Bengal,9,West Bengal
23,West Bengal,9,1,"DURGAPUR, Unit-1, ESI Dispensary,
Durgapur ESIC Hospital Campus Dist-Burdwan",-,60342006,-
23,West Bengal,9,2,"ESI SD Binnaguri, House of Arun Datta, Fulbarihat, Fulbari, Binnaguri, Jalpaiguri. Pin 734015",-,-,-
23,West Bengal,9,3,"ESI SD Tiljala, 196 E-1, PICNIC GARDEN ROAD, KOLKATA 700039",-,-,disp[hyphen]tiljala[dot]wb[at]esic[dot]nic[dot]in
23,West Bengal,9,4,"ESI SD Siliguri, ESIC Building,Paribahan Nagar,Matigara,Darjeeling-734010",-,60353003,disp[hyphen]siliguri[dot]wb[at]esic[dot]nic[dot]in
23,West Bengal,9,5,"ESI SD Kuntighat, Near Kesoram Rayon Gate PO-Nayasarai,Kuntighat,Pin-712513",-,60033071,disp[hyphen]kuntighat[dot]wb[at]esic[dot]nic[dot]in
23,West Bengal,9,6,"ESI SD sankrail, Andul Mouri Bazar, Sankrail Subhas Pally, PO-Unsani, Howrah-711302",-,-,disp[hyphen]sankrailhsdvi1[dot]wb[at]esic[dot]nic[dot]in
23,West Bengal,9,7,"ESI SD Raniganj, 106, Madhu Sarani, P.O- Searsole, Ranigunj Dist- Burdwan, Pin no-713358",-,60342010,disp[hyphen]ranigunj[dot]wb[at]esic[dot]nic[dot]in
23,West Bengal,9,8,"ESI SD Asansol -II, Super Bazar Complex, Near-Burnpur Railway Stn., Burdwan",-,60342009,-
23,West Bengal,9,9,"ESI SD Asansol -I, Asansol ESI Hospital Campus, Burdwan",-,60342001,-
23,West Bengal,9,10,"ESI SD Kakinara, 1st Floor,161, Block no 14, Aryasamaj road, Kankinara, Dist-24-Pgs N, Pin-743126",-,60033042,-
